manufacturer_slug,name,year,category,target_use,is_current,cell_count,line_material,riser_config,manufacturer_url,description,size_label,flat_area_m2,flat_span_m,flat_aspect_ratio,proj_area_m2,proj_span_m,proj_aspect_ratio,wing_weight_kg,ptv_min_kg,ptv_max_kg,speed_trim_kmh,speed_max_kmh,glide_ratio_best,min_sink_ms,cert_standard,cert_classification,cert_test_lab,cert_test_date,cert_report_url
ozone,Moxie,,paraglider,school,false,38,,,https://flyozone.com/paragliders/products/gliders/moxie,,XXS,20.4,9.9,4.81,17.24,7.62,3.37,4.16,45,65,,,,,EN,A,,,
ozone,Moxie,,paraglider,school,false,38,,,https://flyozone.com/paragliders/products/gliders/moxie,,XS,22.4,10.38,4.81,18.93,7.98,3.37,4.48,55,75,,,,,EN,A,,,
ozone,Moxie,,paraglider,school,false,38,,,https://flyozone.com/paragliders/products/gliders/moxie,,S,24.33,10.81,4.81,20.56,8.32,3.37,4.82,60,90,,,,,EN,A,,,
ozone,Moxie,,paraglider,school,false,38,,,https://flyozone.com/paragliders/products/gliders/moxie,,M,26.47,11.28,4.81,22.37,8.68,3.37,5.05,75,105,,,,,EN,A,,,
ozone,Moxie,,paraglider,school,false,38,,,https://flyozone.com/paragliders/products/gliders/moxie,,L,28.76,11.76,4.81,24.3,9.05,3.37,5.49,90,120,,,,,EN,A,,,
ozone,Moxie,,paraglider,school,false,38,,,https://flyozone.com/paragliders/products/gliders/moxie,,XL,31.3,12.26,4.81,26.4,9.43,3.37,5.9,105,135,,,,,EN,A,,,
ozone,Alta Gt,,paraglider,school,false,40,,,https://flyozone.com/paragliders/products/gliders/alta-gt,,XXS,20.16,10.05,5,16.82,7.56,3.4,3.18,45,65,,,,,EN,A,,,
ozone,Alta Gt,,paraglider,school,false,40,,,https://flyozone.com/paragliders/products/gliders/alta-gt,,XS,22.16,10.53,5,18.49,7.93,3.4,3.54,55,75,,,,,EN,A,,,
ozone,Alta Gt,,paraglider,school,false,40,,,https://flyozone.com/paragliders/products/gliders/alta-gt,,S,24.24,11.02,5,20.23,8.29,3.4,3.74,65,85,,,,,EN,A,,,
ozone,Alta Gt,,paraglider,school,false,40,,,https://flyozone.com/paragliders/products/gliders/alta-gt,,M,26.41,11.5,5,22.04,8.65,3.4,4.02,80,100,,,,,EN,A,,,
ozone,Alta Gt,,paraglider,school,false,40,,,https://flyozone.com/paragliders/products/gliders/alta-gt,,L,28.7,11.99,5,23.94,9.02,3.4,4.29,95,115,,,,,EN,A,,,
ozone,Alta Gt,,paraglider,school,false,40,,,https://flyozone.com/paragliders/products/gliders/alta-gt,,XL,31.2,12.5,5,26,9.4,3.4,4.55,110,130,,,,,EN,A,,,
ozone,Buzz Z7,,paraglider,xc,false,48,,,https://flyozone.com/paragliders/products/gliders/buzz-z7,,XS,22.1,10.67,5.15,18.6,8.21,3.62,4.36,55,70,,,,,EN,B,,,
ozone,Buzz Z7,,paraglider,xc,false,48,,,https://flyozone.com/paragliders/products/gliders/buzz-z7,,S,24.1,11.14,5.15,20.3,8.58,3.62,4.66,65,85,,,,,EN,B,,,
ozone,Buzz Z7,,paraglider,xc,false,48,,,https://flyozone.com/paragliders/products/gliders/buzz-z7,,MS,25.7,11.5,5.15,21.6,8.85,3.62,4.9,75,95,,,,,EN,B,,,
ozone,Buzz Z7,,paraglider,xc,false,48,,,https://flyozone.com/paragliders/products/gliders/buzz-z7,,ML,27.3,11.85,5.15,23,9.12,3.62,5.12,85,105,,,,,EN,B,,,
ozone,Buzz Z7,,paraglider,xc,false,48,,,https://flyozone.com/paragliders/products/gliders/buzz-z7,,L,29,12.21,5.15,24.4,9.4,3.62,5.43,95,115,,,,,EN,B,,,
ozone,Buzz Z7,,paraglider,xc,false,48,,,https://flyozone.com/paragliders/products/gliders/buzz-z7,,XL,31.2,12.68,5.15,26.3,9.76,3.62,5.74,110,130,,,,,EN,B,,,
ozone,Geo 7,,paraglider,xc,false,48,,,https://flyozone.com/paragliders/products/gliders/geo-7,,XS,22.2,10.69,5.16,18.7,8.23,3.62,3.34,55,70,,,,,EN,B,,,
ozone,Geo 7,,paraglider,xc,false,48,,,https://flyozone.com/paragliders/products/gliders/geo-7,,S,24.1,11.14,5.16,20.3,8.57,3.62,3.59,65,85,,,,,EN,B,,,
ozone,Geo 7,,paraglider,xc,false,48,,,https://flyozone.com/paragliders/products/gliders/geo-7,,MS,25.8,11.52,5.16,21.8,8.87,3.62,3.66,75,95,,,,,EN,B,,,
ozone,Geo 7,,paraglider,xc,false,48,,,https://flyozone.com/paragliders/products/gliders/geo-7,,ML,27.3,11.85,5.16,23,9.12,3.62,3.87,85,105,,,,,EN,B,,,
ozone,Geo 7,,paraglider,xc,false,48,,,https://flyozone.com/paragliders/products/gliders/geo-7,,L,29,12.22,5.16,24.5,9.4,3.62,4.11,95,115,,,,,EN,B,,,
ozone,Rush 6,,paraglider,xc,false,62,,,https://flyozone.com/paragliders/products/gliders/rush-6,,XS,20.05,10.69,5.7,17,8.43,4.18,4.32,55,72,,,,,EN,B,,,
ozone,Rush 6,,paraglider,xc,false,62,,,https://flyozone.com/paragliders/products/gliders/rush-6,,S,22.54,11.34,5.7,19.11,8.94,4.18,4.74,65,85,,,,,EN,B,,,
ozone,Rush 6,,paraglider,xc,false,62,,,https://flyozone.com/paragliders/products/gliders/rush-6,,MS,24.04,11.71,5.7,20.38,9.23,4.18,4.96,75,95,,,,,EN,B,,,
ozone,Rush 6,,paraglider,xc,false,62,,,https://flyozone.com/paragliders/products/gliders/rush-6,,ML,25.38,12.03,5.7,21.52,9.49,4.18,5.19,85,105,,,,,EN,B,,,
ozone,Rush 6,,paraglider,xc,false,62,,,https://flyozone.com/paragliders/products/gliders/rush-6,,L,26.7,12.34,5.7,22.64,9.73,4.18,5.39,95,115,,,,,EN,B,,,
ozone,Rush 6,,paraglider,xc,false,62,,,https://flyozone.com/paragliders/products/gliders/rush-6,,XL,28.67,12.79,5.7,24.31,10.09,4.18,5.65,110,130,,,,,EN,B,,,
ozone,Swift 6,,paraglider,xc,false,62,,,https://flyozone.com/paragliders/products/gliders/swift-6,,XS,20.05,10.69,5.7,17,8.43,4.18,3.57,55,72,,,,,EN,B,,,
ozone,Swift 6,,paraglider,xc,false,62,,,https://flyozone.com/paragliders/products/gliders/swift-6,,S,22.54,11.34,5.7,19.11,8.94,4.18,3.88,65,85,,,,,EN,B,,,
ozone,Swift 6,,paraglider,xc,false,62,,,https://flyozone.com/paragliders/products/gliders/swift-6,,MS,24.04,11.71,5.7,20.38,9.23,4.18,4.11,75,95,,,,,EN,B,,,
ozone,Swift 6,,paraglider,xc,false,62,,,https://flyozone.com/paragliders/products/gliders/swift-6,,ML,25.38,12.03,5.7,21.52,9.49,4.18,4.27,85,105,,,,,EN,B,,,
ozone,Swift 6,,paraglider,xc,false,62,,,https://flyozone.com/paragliders/products/gliders/swift-6,,L,26.7,12.34,5.7,22.64,9.73,4.18,4.41,95,115,,,,,EN,B,,,
ozone,Delta 5,,paraglider,leisure,false,65,,,https://flyozone.com/paragliders/products/gliders/delta-5,,XS,19.3,10.82,6.07,16.4,8.66,4.57,4.58,55,75,,,,,EN,EN-C,,,
ozone,Delta 5,,paraglider,leisure,false,65,,,https://flyozone.com/paragliders/products/gliders/delta-5,,S,21.1,11.31,6.07,17.9,9.05,4.57,4.89,65,85,,,,,EN,EN-C,,,
ozone,Delta 5,,paraglider,leisure,false,65,,,https://flyozone.com/paragliders/products/gliders/delta-5,,MS,22.8,11.76,6.07,19.4,9.41,4.57,5.15,75,95,,,,,EN,EN-C,,,
ozone,Delta 5,,paraglider,leisure,false,65,,,https://flyozone.com/paragliders/products/gliders/delta-5,,ML,24.4,12.16,6.07,20.7,9.73,4.57,5.44,85,105,,,,,EN,EN-C,,,
ozone,Delta 5,,paraglider,leisure,false,65,,,https://flyozone.com/paragliders/products/gliders/delta-5,,L,25.9,12.53,6.07,22.04,10.03,4.57,5.71,95,115,,,,,EN,EN-C,,,
ozone,Delta 5,,paraglider,leisure,false,65,,,https://flyozone.com/paragliders/products/gliders/delta-5,,XL,27.8,13,6.07,23.7,10.4,4.57,5.98,110,130,,,,,EN,EN-C,,,
ozone,Alpina 4 Gt,,paraglider,leisure,false,66,,,https://flyozone.com/paragliders/products/gliders/alpina-4-gt,,XS,19.3,10.81,6.05,16.4,8.52,4.4,3.91,55,70,,,,,EN,EN C,,,
ozone,Alpina 4 Gt,,paraglider,leisure,false,66,,,https://flyozone.com/paragliders/products/gliders/alpina-4-gt,,S,21.7,11.46,6.05,18.4,9.04,4.4,4.19,65,85,,,,,EN,EN C,,,
ozone,Alpina 4 Gt,,paraglider,leisure,false,66,,,https://flyozone.com/paragliders/products/gliders/alpina-4-gt,,MS,23.1,11.83,6.05,19.6,9.33,4.4,4.42,75,95,,,,,EN,EN C,,,
ozone,Alpina 4 Gt,,paraglider,leisure,false,66,,,https://flyozone.com/paragliders/products/gliders/alpina-4-gt,,ML,24.4,12.16,6.05,20.7,9.59,4.4,4.56,85,105,,,,,EN,EN C,,,
ozone,Alpina 4 Gt,,paraglider,leisure,false,66,,,https://flyozone.com/paragliders/products/gliders/alpina-4-gt,,L,25.7,12.47,6.05,21.8,9.84,4.4,4.75,95,115,,,,,EN,EN C,,,
ozone,Alpina 4 Gt,,paraglider,leisure,false,66,,,https://flyozone.com/paragliders/products/gliders/alpina-4-gt,,XL,27.6,12.92,6.05,23.4,10.19,4.4,5.02,110,130,,,,,EN,EN C,,,
ozone,Alpina 5,,paraglider,xc,false,65,,,https://flyozone.com/paragliders/products/gliders/alpina-5,,XS,19.3,10.82,6.07,16.4,8.66,4.57,3.53,55,75,,,,,EN,C,,,
ozone,Alpina 5,,paraglider,xc,false,65,,,https://flyozone.com/paragliders/products/gliders/alpina-5,,S,21.1,11.31,6.07,17.9,9.05,4.57,3.75,65,85,,,,,EN,C,,,
ozone,Alpina 5,,paraglider,xc,false,65,,,https://flyozone.com/paragliders/products/gliders/alpina-5,,MS,22.8,11.76,6.07,19.4,9.41,4.57,3.96,75,95,,,,,EN,C,,,
ozone,Alpina 5,,paraglider,xc,false,65,,,https://flyozone.com/paragliders/products/gliders/alpina-5,,ML,24.4,12.16,6.07,20.7,9.73,4.57,4.15,85,105,,,,,EN,C,,,
ozone,Alpina 5,,paraglider,xc,false,65,,,https://flyozone.com/paragliders/products/gliders/alpina-5,,L,25.9,12.53,6.07,22.04,10.03,4.57,4.35,95,115,,,,,EN,C,,,
ozone,Alpina 5,,paraglider,xc,false,65,,,https://flyozone.com/paragliders/products/gliders/alpina-5,,XL,27.8,13,6.07,23.7,10.4,4.57,4.62,110,130,,,,,EN,C,,,
ozone,Photon,,paraglider,xc,false,71,,,https://flyozone.com/paragliders/products/gliders/photon,,XS,19.1,11.1,6.5,16.1,8.7,4.7,4.28,60,75,,,,,EN,C,,,
ozone,Photon,,paraglider,xc,false,71,,,https://flyozone.com/paragliders/products/gliders/photon,,S,20.7,11.6,6.5,17.4,9,4.7,4.47,70,85,,,,,EN,C,,,
ozone,Photon,,paraglider,xc,false,71,,,https://flyozone.com/paragliders/products/gliders/photon,,MS,22.3,12,6.5,18.9,9.4,4.7,4.75,80,95,,,,,EN,C,,,
ozone,Photon,,paraglider,xc,false,71,,,https://flyozone.com/paragliders/products/gliders/photon,,ML,23.9,12.5,6.5,20.2,9.7,4.7,5,90,105,,,,,EN,C,,,
ozone,Photon,,paraglider,xc,false,71,,,https://flyozone.com/paragliders/products/gliders/photon,,L,25.5,12.9,6.5,21.5,10.1,4.7,5.27,100,115,,,,,EN,C,,,
ozone,Photon,,paraglider,xc,false,71,,,https://flyozone.com/paragliders/products/gliders/photon,,XL,27.3,13.3,6.5,23.1,10.4,4.7,5.55,110,130,,,,,EN,C,,,
ozone,Lyght,,paraglider,xc,false,71,,,https://flyozone.com/paragliders/products/gliders/lyght,,XS,19.1,11.1,6.5,16.1,8.7,4.7,3.55,60,75,,,,,EN,C,,,
ozone,Lyght,,paraglider,xc,false,71,,,https://flyozone.com/paragliders/products/gliders/lyght,,S,20.7,11.6,6.5,17.4,9,4.7,3.72,70,85,,,,,EN,C,,,
ozone,Lyght,,paraglider,xc,false,71,,,https://flyozone.com/paragliders/products/gliders/lyght,,MS,22.3,12,6.5,18.9,9.4,4.7,3.95,80,95,,,,,EN,C,,,
ozone,Lyght,,paraglider,xc,false,71,,,https://flyozone.com/paragliders/products/gliders/lyght,,ML,23.9,12.5,6.5,20.2,9.7,4.7,4.16,90,105,,,,,EN,C,,,
ozone,Lyght,,paraglider,xc,false,71,,,https://flyozone.com/paragliders/products/gliders/lyght,,L,25.5,12.9,6.5,21.5,10.1,4.7,4.4,100,115,,,,,EN,C,,,
ozone,Zeolite 2 Gt,,paraglider,competition,false,71,,,https://flyozone.com/paragliders/products/gliders/zeolite-2-gt,,XS,18.9,11.3,6.8,15.9,8.9,5,3.38,60,75,,,,,EN,D,,,
ozone,Zeolite 2 Gt,,paraglider,competition,false,71,,,https://flyozone.com/paragliders/products/gliders/zeolite-2-gt,,S,20.4,11.8,6.8,17.2,9.3,5,3.56,65,85,,,,,EN,D,,,
ozone,Zeolite 2 Gt,,paraglider,competition,false,71,,,https://flyozone.com/paragliders/products/gliders/zeolite-2-gt,,MS,22,12.2,6.8,18.5,9.6,5,3.75,80,95,,,,,EN,D,,,
ozone,Zeolite 2 Gt,,paraglider,competition,false,71,,,https://flyozone.com/paragliders/products/gliders/zeolite-2-gt,,ML,23.5,12.6,6.8,19.8,9.9,5,3.91,90,105,,,,,EN,D,,,
ozone,Zeolite 2 Gt,,paraglider,competition,false,71,,,https://flyozone.com/paragliders/products/gliders/zeolite-2-gt,,L,25.1,13.1,6.8,21.1,10.3,5,4.19,100,115,,,,,EN,D,,,
ozone,Zeolite 2,,paraglider,competition,false,71,,,https://flyozone.com/paragliders/products/gliders/zeolite-2,,XS,18.9,11.3,6.8,15.9,8.9,5,2.72,60,75,,,,,EN,D,,,
ozone,Zeolite 2,,paraglider,competition,false,71,,,https://flyozone.com/paragliders/products/gliders/zeolite-2,,S,20.4,11.8,6.8,17.2,9.3,5,2.88,65,85,,,,,EN,D,,,
ozone,Zeolite 2,,paraglider,competition,false,71,,,https://flyozone.com/paragliders/products/gliders/zeolite-2,,MS,22,12.2,6.8,18.5,9.6,5,3.03,80,95,,,,,EN,D,,,
ozone,Zeolite 2,,paraglider,competition,false,71,,,https://flyozone.com/paragliders/products/gliders/zeolite-2,,ML,23.5,12.6,6.8,19.8,9.9,5,3.16,90,105,,,,,EN,D,,,
ozone,Zeno 2,,paraglider,competition,false,78,,,https://flyozone.com/paragliders/products/gliders/zeno-2,,XS,19.4,11.6,6.9,16.3,9.1,5.1,4.5,65,80,,,,,EN,D,,,
ozone,Zeno 2,,paraglider,competition,false,78,,,https://flyozone.com/paragliders/products/gliders/zeno-2,,S,21,12,6.9,17.7,9.5,5.1,4.7,75,90,,,,,EN,D,,,
ozone,Zeno 2,,paraglider,competition,false,78,,,https://flyozone.com/paragliders/products/gliders/zeno-2,,MS,22.5,12.5,6.9,18.9,9.8,5.1,4.92,85,100,,,,,EN,D,,,
ozone,Zeno 2,,paraglider,competition,false,78,,,https://flyozone.com/paragliders/products/gliders/zeno-2,,ML,24.1,12.9,6.9,20.3,10.2,5.1,5.22,95,110,,,,,EN,D,,,
ozone,Zeno 2,,paraglider,competition,false,78,,,https://flyozone.com/paragliders/products/gliders/zeno-2,,L,26.5,13.5,6.9,22.2,10.7,5.1,5.62,105,125,,,,,EN,D,,,
ozone,Enzo 3,,paraglider,competition,false,101,,,https://flyozone.com/paragliders/products/gliders/enzo-3,,XXS,19.1,12,7.55,16.2,9.4,5.5,5.3,80,90,,,,,CCC,CCC,,,
ozone,Enzo 3,,paraglider,competition,false,101,,,https://flyozone.com/paragliders/products/gliders/enzo-3,,XS,20.3,12.4,7.55,17.2,9.7,5.5,5.5,85,95,,,,,CCC,CCC,,,
ozone,Enzo 3,,paraglider,competition,false,101,,,https://flyozone.com/paragliders/products/gliders/enzo-3,,S,22,12.9,7.55,18.6,10.1,5.5,5.6,90,105,,,,,CCC,CCC,,,
ozone,Enzo 3,,paraglider,competition,false,101,,,https://flyozone.com/paragliders/products/gliders/enzo-3,,M,23.7,13.4,7.55,20.1,10.5,5.5,5.9,95,115,,,,,CCC,CCC,,,
ozone,Enzo 3,,paraglider,competition,false,101,,,https://flyozone.com/paragliders/products/gliders/enzo-3,,L,25.7,13.9,7.55,21.7,10.9,5.5,6.2,105,125,,,,,CCC,CCC,,,
ozone,Enzo 3,,paraglider,competition,false,101,,,https://flyozone.com/paragliders/products/gliders/enzo-3,,XL,26.7,14.2,7.55,22.6,11.1,5.5,6.4,115,130,,,,,CCC,CCC,,,
ozone,Ultralite 5,,paraglider,leisure,false,34,,,https://flyozone.com/paragliders/products/gliders/ultralite-5,,13,12.9,7.7,4.56,11.4,6.3,3.4,1.44,55,90,,,,,EN,-,,,
ozone,Ultralite 5,,paraglider,leisure,false,34,,,https://flyozone.com/paragliders/products/gliders/ultralite-5,,15,14.9,8.2,4.56,13.1,6.7,3.4,1.59,55,90,,,,,EN,-,,,
ozone,Ultralite 5,,paraglider,leisure,false,34,,,https://flyozone.com/paragliders/products/gliders/ultralite-5,,17,16.9,8.8,4.56,14.7,7.1,3.4,1.76,55,90,,,,,EN,C,,,
ozone,Ultralite 5,,paraglider,leisure,false,34,,,https://flyozone.com/paragliders/products/gliders/ultralite-5,,19,18.9,9.3,4.56,16.5,7.5,3.4,1.93,55,95,,,,,EN,B,,,
ozone,Ultralite 5,,paraglider,leisure,false,34,,,https://flyozone.com/paragliders/products/gliders/ultralite-5,,21,20.8,9.7,4.56,18.1,7.9,3.4,2.07,55,100,,,,,EN,A,,,
ozone,Ultralite 5,,paraglider,leisure,false,34,,,https://flyozone.com/paragliders/products/gliders/ultralite-5,,23,22.8,10.2,4.56,19.9,8.3,3.4,2.23,65,110,,,,,EN,A,,,
ozone,Ultralite 5,,paraglider,leisure,false,34,,,https://flyozone.com/paragliders/products/gliders/ultralite-5,,25,25.1,10.7,4.56,21.9,8.7,3.4,2.41,75,120,,,,,EN,A,,,
ozone,Session,,paraglider,leisure,false,48,,,https://flyozone.com/paragliders/products/gliders/session,,15,15.3,9.1,5.46,13,7.3,4.06,4.22,,,,,,,EN,Load test,,,
ozone,Session,,paraglider,leisure,false,48,,,https://flyozone.com/paragliders/products/gliders/session,,16,16.3,9.4,5.46,13.9,7.5,4.06,4.41,,,,,,,EN,Load test,,,
ozone,Session,,paraglider,leisure,false,48,,,https://flyozone.com/paragliders/products/gliders/session,,17,17.3,9.7,5.46,14.7,7.7,4.06,4.6,,,,,,,EN,Load test,,,
ozone,Magnum 4,,paraglider,xc,false,54,,,https://flyozone.com/paragliders/products/gliders/magnum-4,,38,38.1,14.41,5.45,31.9,11.16,3.9,7.44,110,190,,,,,EN,B,,,
ozone,Magnum 4,,paraglider,xc,false,54,,,https://flyozone.com/paragliders/products/gliders/magnum-4,,41,41.1,14.96,5.45,34.4,11.59,3.9,7.85,130,220,,,,,EN,B,,,
ozone,Magnum 4,,paraglider,xc,false,54,,,https://flyozone.com/paragliders/products/gliders/magnum-4,,44,44.1,15.51,5.45,37,12.01,3.9,8.34,140,239,,,,,EN,B,,,
ozone,Swiftmax 2,,paraglider,leisure,false,57,,,https://flyozone.com/paragliders/products/gliders/swiftmax-2,,41,41,15.09,5.55,34.6,11.83,4.05,7.12,120,230,,,,,EN,EN B,,,
ozone,Wisp 2,,paraglider,xc,false,44,,,https://flyozone.com/paragliders/products/gliders/wisp-2,,37,37.1,14.01,5.3,31.3,10.77,3.71,4.15,90,180,,,,,EN,B,,,
ozone,Addict 2,,paraglider,leisure,false,59,,,https://flyozone.com/paragliders/products/gliders/addict-2,,XS,22.2,11.2,5.6,19.1,8.9,4.2,5.1,55,70,,,,,EN,2,,,
ozone,Addict 2,,paraglider,leisure,false,59,,,https://flyozone.com/paragliders/products/gliders/addict-2,,S,24.3,11.7,5.6,20.9,9.3,4.2,5.4,65,85,,,,,EN,2,,,
ozone,Addict 2,,paraglider,leisure,false,59,,,https://flyozone.com/paragliders/products/gliders/addict-2,,M,26.3,12.1,5.6,22.6,9.7,4.2,5.8,80,100,,,,,EN,2,,,
ozone,Addict 2,,paraglider,leisure,false,59,,,https://flyozone.com/paragliders/products/gliders/addict-2,,L,28.6,12.7,5.6,24.6,10.1,4.2,6.2,95,115,,,,,EN,2,,,
ozone,Addict 2,,paraglider,leisure,false,59,,,https://flyozone.com/paragliders/products/gliders/addict-2,,XL,31.2,13.2,5.6,26.8,10.6,4.2,6.6,110,135,,,,,EN,2,,,
ozone,Alpina,,paraglider,xc,false,58,,,https://flyozone.com/paragliders/products/gliders/alpina,,XS,21.9,11.33,5.85,18.9,9.12,4.4,4.11,55,70,,,,,EN,C,,,
ozone,Alpina,,paraglider,xc,false,58,,,https://flyozone.com/paragliders/products/gliders/alpina,,S,24,11.86,5.85,20.7,9.54,4.4,4.31,65,85,,,,,EN,C,,,
ozone,Alpina,,paraglider,xc,false,58,,,https://flyozone.com/paragliders/products/gliders/alpina,,M,26,12.33,5.85,22.4,9.93,4.4,4.51,80,100,,,,,EN,C,,,
ozone,Alpina,,paraglider,xc,false,58,,,https://flyozone.com/paragliders/products/gliders/alpina,,L,28.3,12.86,5.85,24.4,10.35,4.4,4.71,95,115,,,,,EN,C,,,
ozone,Alpina 2,,paraglider,leisure,false,62,,,https://flyozone.com/paragliders/products/gliders/alpina-2,,XS,21.1,11.3,6,17.8,8.9,4.4,3.7,58,70,,,,,,,,,
ozone,Alpina 2,,paraglider,leisure,false,62,,,https://flyozone.com/paragliders/products/gliders/alpina-2,,S,23.1,11.8,6,19.4,9.3,4.4,4,65,85,,,,,,,,,
ozone,Alpina 2,,paraglider,leisure,false,62,,,https://flyozone.com/paragliders/products/gliders/alpina-2,,MS,24.4,12.1,6,20.5,9.5,4.4,4.2,75,95,,,,,,,,,
ozone,Alpina 2,,paraglider,leisure,false,62,,,https://flyozone.com/paragliders/products/gliders/alpina-2,,ML,25.7,12.5,6,21.7,9.8,4.4,4.5,85,105,,,,,,,,,
ozone,Alpina 2,,paraglider,leisure,false,62,,,https://flyozone.com/paragliders/products/gliders/alpina-2,,L,27.3,12.8,6,23,10.1,4.4,4.8,95,115,,,,,,,,,
ozone,Alpina 3,,paraglider,leisure,false,66,,,https://flyozone.com/paragliders/products/gliders/alpina-3,,XS,20,10.97,6,17,8.67,4.4,3.9,58,70,,,,,,,,,
ozone,Alpina 3,,paraglider,leisure,false,66,,,https://flyozone.com/paragliders/products/gliders/alpina-3,,S,21.9,11.46,6,18.6,9.06,4.4,4.15,65,85,,,,,,,,,
ozone,Alpina 3,,paraglider,leisure,false,66,,,https://flyozone.com/paragliders/products/gliders/alpina-3,,MS,23.1,11.78,6,19.6,9.31,4.4,4.3,75,95,,,,,,,,,
ozone,Alpina 3,,paraglider,leisure,false,66,,,https://flyozone.com/paragliders/products/gliders/alpina-3,,ML,24.4,12.11,6,20.7,9.56,4.4,4.5,85,105,,,,,,,,,
ozone,Alpina 3,,paraglider,leisure,false,66,,,https://flyozone.com/paragliders/products/gliders/alpina-3,,L,25.9,12.47,6,21.9,9.85,4.4,4.7,95,115,,,,,,,,,
ozone,Alpina 4,,paraglider,xc,false,66,,,https://flyozone.com/paragliders/products/gliders/alpina-4,,XS,19.3,10.81,6.05,16.4,8.52,4.4,3.5,55,70,,,,,EN,C,,,
ozone,Alpina 4,,paraglider,xc,false,66,,,https://flyozone.com/paragliders/products/gliders/alpina-4,,S,21.7,11.46,6.05,18.4,9.04,4.4,3.8,65,85,,,,,EN,C,,,
ozone,Alpina 4,,paraglider,xc,false,66,,,https://flyozone.com/paragliders/products/gliders/alpina-4,,MS,23.1,11.83,6.05,19.6,9.33,4.4,3.9,75,95,,,,,EN,C,,,
ozone,Alpina 4,,paraglider,xc,false,66,,,https://flyozone.com/paragliders/products/gliders/alpina-4,,ML,24.4,12.16,6.05,20.7,9.59,4.4,4.1,85,105,,,,,EN,C,,,
ozone,Alpina 4,,paraglider,xc,false,66,,,https://flyozone.com/paragliders/products/gliders/alpina-4,,L,25.7,12.47,6.05,21.8,9.84,4.4,4.3,95,115,,,,,EN,C,,,
ozone,Atom 2,,paraglider,leisure,false,33,,,https://flyozone.com/paragliders/products/gliders/atom-2,,SIZE1,22.9,11.57,4.86,20.18,8.23,3.36,,55,75,,,,,,,,,
ozone,Atom 2,,paraglider,leisure,false,33,,,https://flyozone.com/paragliders/products/gliders/atom-2,,SIZE2,25.37,11.1,4.86,22.36,8.67,3.36,,60,85,,,,,,,,,
ozone,Atom 2,,paraglider,leisure,false,33,,,https://flyozone.com/paragliders/products/gliders/atom-2,,SIZE3,27.52,11.57,4.86,24.26,9.03,3.36,,80,100,,,,,,,,,
ozone,Atom 2,,paraglider,leisure,false,33,,,https://flyozone.com/paragliders/products/gliders/atom-2,,SIZE4,29.76,12.03,4.86,26.24,9.39,3.36,,95,120,,,,,,,,,
ozone,Atom 3,,paraglider,school,false,31,,,https://flyozone.com/paragliders/products/gliders/atom-3,,XXS,20,9.25,4.26,17.3,7.25,3.04,3.88,49,70,,,,,EN,A,,,
ozone,Atom 3,,paraglider,school,false,31,,,https://flyozone.com/paragliders/products/gliders/atom-3,,XS,22,9.7,4.26,19,7.6,3.04,4.17,55,75,,,,,EN,A,,,
ozone,Atom 3,,paraglider,school,false,31,,,https://flyozone.com/paragliders/products/gliders/atom-3,,S,24.1,10.13,4.26,20.8,7.94,3.04,4.45,65,90,,,,,EN,A,,,
ozone,Atom 3,,paraglider,school,false,31,,,https://flyozone.com/paragliders/products/gliders/atom-3,,M,26.1,10.54,4.26,22.5,8.26,3.04,4.76,75,105,,,,,EN,A,,,
ozone,Atom 3,,paraglider,school,false,31,,,https://flyozone.com/paragliders/products/gliders/atom-3,,L,29.5,11.21,4.26,25.4,8.79,3.04,5.2,95,125,,,,,EN,A,,,
ozone,Buzz,,paraglider,leisure,false,,,,https://flyozone.com/paragliders/products/gliders/buzz,,XS,22.3,10.8,5.1,19.55,8.26,3.64,5.2,55,70,,,,,,,,,
ozone,Buzz,,paraglider,leisure,false,,,,https://flyozone.com/paragliders/products/gliders/buzz,,S,24.5,11.18,5.1,20.93,8.73,3.64,5.5,65,85,,,,,,,,,
ozone,Buzz,,paraglider,leisure,false,,,,https://flyozone.com/paragliders/products/gliders/buzz,,M,26.55,11.64,5.1,22.7,9.1,3.64,5.8,80,100,,,,,,,,,
ozone,Buzz,,paraglider,leisure,false,,,,https://flyozone.com/paragliders/products/gliders/buzz,,L,29.1,12.18,5.1,24.86,9.51,3.64,6.2,95,115,,,,,,,,,
ozone,Buzz,,paraglider,leisure,false,,,,https://flyozone.com/paragliders/products/gliders/buzz,,XL,31.95,12.78,5.1,27.25,9.96,3.64,6.5,110,135,,,,,,,,,
ozone,Buzz Z,,paraglider,leisure,false,,,,https://flyozone.com/paragliders/products/gliders/buzz-z,,XS,22.2,10.65,5.1,19.1,8.43,3.73,4.95,55,70,,,,,,,,,
ozone,Buzz Z,,paraglider,leisure,false,,,,https://flyozone.com/paragliders/products/gliders/buzz-z,,S,24,11.07,5.1,20.65,8.76,3.73,5.3,65,85,,,,,,,,,
ozone,Buzz Z,,paraglider,leisure,false,,,,https://flyozone.com/paragliders/products/gliders/buzz-z,,MS,25.8,11.5,5.1,22.21,9.1,3.73,5.65,75,95,,,,,,,,,
ozone,Buzz Z,,paraglider,leisure,false,,,,https://flyozone.com/paragliders/products/gliders/buzz-z,,ML,27.5,11.85,5.1,23.67,9.38,3.73,5.8,85,105,,,,,,,,,
ozone,Buzz Z,,paraglider,leisure,false,,,,https://flyozone.com/paragliders/products/gliders/buzz-z,,L,29.3,12.23,5.1,25.21,9.68,3.73,6.1,95,115,,,,,,,,,
ozone,Buzz Z,,paraglider,leisure,false,,,,https://flyozone.com/paragliders/products/gliders/buzz-z,,XL,31.8,12.74,5.1,27.37,10.08,3.73,6.6,110,130,,,,,,,,,
ozone,Buzz Z3,,paraglider,leisure,false,45,,,https://flyozone.com/paragliders/products/gliders/buzz-z3,,XS,22.2,10.69,5.15,19.12,8.47,3.75,4.8,55,70,,,,,EN,1-2/B,,,
ozone,Buzz Z3,,paraglider,leisure,false,45,,,https://flyozone.com/paragliders/products/gliders/buzz-z3,,S,24.1,11.14,5.15,20.75,8.82,3.75,5,65,85,,,,,EN,1-2/B,,,
ozone,Buzz Z3,,paraglider,leisure,false,45,,,https://flyozone.com/paragliders/products/gliders/buzz-z3,,MS,25.8,11.52,5.15,22.22,9.13,3.75,5.2,75,95,,,,,EN,1-2/B,,,
ozone,Buzz Z3,,paraglider,leisure,false,45,,,https://flyozone.com/paragliders/products/gliders/buzz-z3,,ML,27.3,11.85,5.15,23.5,9.39,3.75,5.4,85,105,,,,,EN,1-2/B,,,
ozone,Buzz Z3,,paraglider,leisure,false,45,,,https://flyozone.com/paragliders/products/gliders/buzz-z3,,L,29.3,12.28,5.15,25.23,9.73,3.75,5.6,95,115,,,,,EN,1-2/B,,,
ozone,Buzz Z3,,paraglider,leisure,false,45,,,https://flyozone.com/paragliders/products/gliders/buzz-z3,,XL,31.8,12.79,5.15,27.4,10.13,3.75,5.8,110,130,,,,,EN,1-2/B,,,
ozone,Buzz Z4,,paraglider,xc,false,45,,,https://flyozone.com/paragliders/products/gliders/buzz-z4,,XS,22.2,10.69,5.15,19.12,8.47,3.75,4.8,58,70,,,,,EN,B,,,
ozone,Buzz Z4,,paraglider,xc,false,45,,,https://flyozone.com/paragliders/products/gliders/buzz-z4,,S,24.1,11.14,5.15,20.75,8.82,3.75,5.2,65,85,,,,,EN,B,,,
ozone,Buzz Z4,,paraglider,xc,false,45,,,https://flyozone.com/paragliders/products/gliders/buzz-z4,,MS,25.8,11.52,5.15,22.22,9.13,3.75,5.4,75,95,,,,,EN,B,,,
ozone,Buzz Z4,,paraglider,xc,false,45,,,https://flyozone.com/paragliders/products/gliders/buzz-z4,,ML,27.3,11.85,5.15,23.5,9.39,3.75,5.6,85,105,,,,,EN,B,,,
ozone,Buzz Z4,,paraglider,xc,false,45,,,https://flyozone.com/paragliders/products/gliders/buzz-z4,,L,29.3,12.28,5.15,25.23,9.73,3.75,6,95,115,,,,,EN,B,,,
ozone,Buzz Z4,,paraglider,xc,false,45,,,https://flyozone.com/paragliders/products/gliders/buzz-z4,,XL,31.8,12.79,5.15,27.4,10.13,3.75,6.4,110,130,,,,,EN,B,,,
ozone,Buzz Z5,,paraglider,xc,false,48,,,https://flyozone.com/paragliders/products/gliders/buzz-z5,,XS,22.2,10.69,5.16,18.7,8.23,3.62,4.75,55,70,,,,,EN,B,,,
ozone,Buzz Z5,,paraglider,xc,false,48,,,https://flyozone.com/paragliders/products/gliders/buzz-z5,,S,24.1,11.14,5.16,20.3,8.57,3.62,5,65,85,,,,,EN,B,,,
ozone,Buzz Z5,,paraglider,xc,false,48,,,https://flyozone.com/paragliders/products/gliders/buzz-z5,,MS,25.8,11.52,5.16,21.8,8.87,3.62,5.31,75,95,,,,,EN,B,,,
ozone,Buzz Z5,,paraglider,xc,false,48,,,https://flyozone.com/paragliders/products/gliders/buzz-z5,,ML,27.3,11.85,5.16,23,9.12,3.62,5.53,85,105,,,,,EN,B,,,
ozone,Buzz Z5,,paraglider,xc,false,48,,,https://flyozone.com/paragliders/products/gliders/buzz-z5,,L,29,12.22,5.16,24.5,9.4,3.62,5.78,95,115,,,,,EN,B,,,
ozone,Buzz Z5,,paraglider,xc,false,48,,,https://flyozone.com/paragliders/products/gliders/buzz-z5,,XL,31.3,12.71,5.16,26.5,9.78,3.62,6.2,110,130,,,,,EN,B,,,
ozone,Buzz Z6,,paraglider,xc,false,48,,,https://flyozone.com/paragliders/products/gliders/buzz-z6,,XS,22.2,10.69,5.16,18.7,8.23,3.62,4.3,55,70,,,,,EN,B,,,
ozone,Buzz Z6,,paraglider,xc,false,48,,,https://flyozone.com/paragliders/products/gliders/buzz-z6,,S,24.1,11.14,5.16,20.3,8.57,3.62,4.6,65,85,,,,,EN,B,,,
ozone,Buzz Z6,,paraglider,xc,false,48,,,https://flyozone.com/paragliders/products/gliders/buzz-z6,,MS,25.8,11.52,5.16,21.8,8.87,3.62,4.8,75,95,,,,,EN,B,,,
ozone,Buzz Z6,,paraglider,xc,false,48,,,https://flyozone.com/paragliders/products/gliders/buzz-z6,,ML,27.3,11.85,5.16,23,9.12,3.62,5.1,85,105,,,,,EN,B,,,
ozone,Buzz Z6,,paraglider,xc,false,48,,,https://flyozone.com/paragliders/products/gliders/buzz-z6,,L,29,12.22,5.16,24.5,9.4,3.62,5.4,95,115,,,,,EN,B,,,
ozone,Buzz Z6,,paraglider,xc,false,48,,,https://flyozone.com/paragliders/products/gliders/buzz-z6,,XL,31.3,12.71,5.16,26.5,9.78,3.62,5.7,110,130,,,,,EN,B,,,
ozone,Cosmic Rider,,paraglider,leisure,false,43,,,https://flyozone.com/paragliders/products/gliders/cosmic-rider,,SIZE1,43.04,14.74,5.05,37.82,11.89,3.74,,140,230,,,,,,,,,
ozone,Delta 3,,paraglider,leisure,false,66,,,https://flyozone.com/paragliders/products/gliders/delta-3,,XS,20,10.97,6,17,8.67,4.4,4.7,58,70,,,,,,,,,
ozone,Delta 3,,paraglider,leisure,false,66,,,https://flyozone.com/paragliders/products/gliders/delta-3,,S,21.9,11.46,6,18.6,9.06,4.4,5,65,85,,,,,,,,,
ozone,Delta 3,,paraglider,leisure,false,66,,,https://flyozone.com/paragliders/products/gliders/delta-3,,MS,23.1,11.78,6,19.6,9.31,4.4,5.28,75,95,,,,,,,,,
ozone,Delta 3,,paraglider,leisure,false,66,,,https://flyozone.com/paragliders/products/gliders/delta-3,,ML,24.4,12.11,6,20.7,9.56,4.4,5.44,85,105,,,,,,,,,
ozone,Delta 3,,paraglider,leisure,false,66,,,https://flyozone.com/paragliders/products/gliders/delta-3,,L,25.9,12.47,6,21.9,9.85,4.4,5.75,95,115,,,,,,,,,
ozone,Delta 3,,paraglider,leisure,false,66,,,https://flyozone.com/paragliders/products/gliders/delta-3,,XL,28.5,13.08,6,24.2,10.33,4.4,6.2,110,130,,,,,,,,,
ozone,Delta,,paraglider,leisure,false,58,,,https://flyozone.com/paragliders/products/gliders/delta,,XS,21.9,11.33,5.85,18.9,9.12,4.4,5.2,55,70,,,,,,,,,
ozone,Delta,,paraglider,leisure,false,58,,,https://flyozone.com/paragliders/products/gliders/delta,,S,24,11.86,5.85,20.7,9.54,4.4,5.4,65,85,,,,,,,,,
ozone,Delta,,paraglider,leisure,false,58,,,https://flyozone.com/paragliders/products/gliders/delta,,M,26,12.33,5.85,22.4,9.93,4.4,5.6,80,100,,,,,,,,,
ozone,Delta,,paraglider,leisure,false,58,,,https://flyozone.com/paragliders/products/gliders/delta,,L,28.3,12.86,5.85,24.4,10.35,4.4,5.8,95,115,,,,,,,,,
ozone,Delta,,paraglider,leisure,false,58,,,https://flyozone.com/paragliders/products/gliders/delta,,XL,31.1,13.5,5.85,26.9,10.87,4.4,6,110,130,,,,,,,,,
ozone,Delta 2,,paraglider,leisure,false,62,,,https://flyozone.com/paragliders/products/gliders/delta-2,,XS,21.1,11.3,6,17.8,8.9,4.4,4.4,58,70,,,,,,,,,
ozone,Delta 2,,paraglider,leisure,false,62,,,https://flyozone.com/paragliders/products/gliders/delta-2,,S,23.1,11.8,6,19.4,9.3,4.4,4.7,65,85,,,,,,,,,
ozone,Delta 2,,paraglider,leisure,false,62,,,https://flyozone.com/paragliders/products/gliders/delta-2,,MS,24.4,12.1,6,20.5,9.5,4.4,5,75,95,,,,,,,,,
ozone,Delta 2,,paraglider,leisure,false,62,,,https://flyozone.com/paragliders/products/gliders/delta-2,,ML,25.7,12.5,6,21.7,9.8,4.4,5.3,85,105,,,,,,,,,
ozone,Delta 2,,paraglider,leisure,false,62,,,https://flyozone.com/paragliders/products/gliders/delta-2,,L,27.3,12.8,6,23,10.1,4.4,5.7,95,115,,,,,,,,,
ozone,Delta 2,,paraglider,leisure,false,62,,,https://flyozone.com/paragliders/products/gliders/delta-2,,XL,30,13.5,6,25.3,10.6,4.4,6,110,130,,,,,,,,,
ozone,Delta 4,,paraglider,xc,false,66,,,https://flyozone.com/paragliders/products/gliders/delta-4,,XS,19.3,10.81,6.05,16.4,8.52,4.4,4.5,55,70,,,,,EN,C,,,
ozone,Delta 4,,paraglider,xc,false,66,,,https://flyozone.com/paragliders/products/gliders/delta-4,,S,21.7,11.46,6.05,18.4,9.04,4.4,4.8,65,85,,,,,EN,C,,,
ozone,Delta 4,,paraglider,xc,false,66,,,https://flyozone.com/paragliders/products/gliders/delta-4,,MS,23.1,11.83,6.05,19.6,9.33,4.4,5,75,95,,,,,EN,C,,,
ozone,Delta 4,,paraglider,xc,false,66,,,https://flyozone.com/paragliders/products/gliders/delta-4,,ML,24.4,12.16,6.05,20.7,9.59,4.4,5.3,85,105,,,,,EN,C,,,
ozone,Delta 4,,paraglider,xc,false,66,,,https://flyozone.com/paragliders/products/gliders/delta-4,,L,25.7,12.47,6.05,21.8,9.84,4.4,5.5,95,115,,,,,EN,C,,,
ozone,Delta 4,,paraglider,xc,false,66,,,https://flyozone.com/paragliders/products/gliders/delta-4,,XL,27.6,12.92,6.05,23.4,10.19,4.4,5.8,110,130,,,,,EN,C,,,
ozone,Electron,,paraglider,leisure,false,43,,,https://flyozone.com/paragliders/products/gliders/electron,,SIZE1,24.68,11.02,4.78,21.89,8.86,3.57,,55,85,,,,,,,,,
ozone,Electron,,paraglider,leisure,false,43,,,https://flyozone.com/paragliders/products/gliders/electron,,SIZE2,26.78,11.48,4.78,23.75,9.23,3.57,,80,100,,,,,,,,,
ozone,Electron,,paraglider,leisure,false,43,,,https://flyozone.com/paragliders/products/gliders/electron,,SIZE3,28.96,11.94,4.78,25.69,9.6,3.57,,95,115,,,,,,,,,
ozone,Electron,,paraglider,leisure,false,43,,,https://flyozone.com/paragliders/products/gliders/electron,,SIZE4,31.24,12.4,4.78,27.7,9.97,3.57,,110,130,,,,,,,,,
ozone,Element,,paraglider,xc,false,35,,,https://flyozone.com/paragliders/products/gliders/element,,XXS,19.05,9.29,4.54,16.98,7.62,3.56,,45,70,,,,,EN,B,,,
ozone,Element,,paraglider,xc,false,35,,,https://flyozone.com/paragliders/products/gliders/element,,XS,22.89,10.2,4.54,20.16,8.8,3.47,,55,75,,,,,EN,B,,,
ozone,Element,,paraglider,xc,false,35,,,https://flyozone.com/paragliders/products/gliders/element,,S,25,10.6,4.54,22,9.3,3.47,,65,90,,,,,EN,A,,,
ozone,Element,,paraglider,xc,false,35,,,https://flyozone.com/paragliders/products/gliders/element,,M,27.5,11.1,4.54,24.2,9.6,3.47,,75,105,,,,,EN,A,,,
ozone,Element,,paraglider,xc,false,35,,,https://flyozone.com/paragliders/products/gliders/element,,L,30.2,11.7,4.54,26.6,10,3.47,,95,125,,,,,EN,B,,,
ozone,Element 2,,paraglider,xc,false,35,,,https://flyozone.com/paragliders/products/gliders/element-2,,XXS,19.05,9.29,4.54,16.98,7.62,3.56,,45,70,,,,,EN,B,,,
ozone,Element 2,,paraglider,xc,false,35,,,https://flyozone.com/paragliders/products/gliders/element-2,,XS,22.89,10.2,4.54,20.16,8.8,3.47,,55,75,,,,,EN,B,,,
ozone,Element 2,,paraglider,xc,false,35,,,https://flyozone.com/paragliders/products/gliders/element-2,,S,25,10.6,4.54,22,9.3,3.47,,65,90,,,,,EN,A,,,
ozone,Element 2,,paraglider,xc,false,35,,,https://flyozone.com/paragliders/products/gliders/element-2,,M,27.5,11.1,4.54,24.2,9.6,3.47,,75,105,,,,,EN,A,,,
ozone,Element 2,,paraglider,xc,false,35,,,https://flyozone.com/paragliders/products/gliders/element-2,,L,30.2,11.7,4.54,26.6,10,3.47,,95,125,,,,,EN,B,,,
ozone,Element 3,,paraglider,school,false,34,,,https://flyozone.com/paragliders/products/gliders/element-3,,XXS,20,9.53,4.54,,7.37,3.24,3.9,45,70,,,,,EN,A,,,
ozone,Element 3,,paraglider,school,false,34,,,https://flyozone.com/paragliders/products/gliders/element-3,,XS,22.3,10.05,4.54,,7.78,3.24,4.2,55,75,,,,,EN,A,,,
ozone,Element 3,,paraglider,school,false,34,,,https://flyozone.com/paragliders/products/gliders/element-3,,S,24.3,10.5,4.54,,8.12,3.24,4.5,65,90,,,,,EN,A,,,
ozone,Element 3,,paraglider,school,false,34,,,https://flyozone.com/paragliders/products/gliders/element-3,,M,26.3,10.93,4.54,,8.46,3.24,4.8,75,105,,,,,EN,A,,,
ozone,Element 3,,paraglider,school,false,34,,,https://flyozone.com/paragliders/products/gliders/element-3,,L,29.9,11.64,4.54,,9,3.24,5.3,95,125,,,,,EN,A,,,
ozone,Enzo,,paraglider,competition,false,82,,,https://flyozone.com/paragliders/products/gliders/enzo,,S,22,12.9,7.55,18.6,10.1,5.5,5.7,90,105,,,,,EN,D,,,
ozone,Enzo,,paraglider,competition,false,82,,,https://flyozone.com/paragliders/products/gliders/enzo,,M,23.7,13.4,7.55,20.1,10.5,5.5,5.9,100,115,,,,,EN,D,,,
ozone,Enzo,,paraglider,competition,false,82,,,https://flyozone.com/paragliders/products/gliders/enzo,,L,25.7,13.9,7.55,21.7,10.9,5.5,6.1,110,125,,,,,EN,D,,,
ozone,Enzo 2,,paraglider,competition,false,101,,,https://flyozone.com/paragliders/products/gliders/enzo-2,,XS,20.3,12.4,7.55,17.2,9.7,5.5,,85,95,,,,,CCC,CCC,,,
ozone,Enzo 2,,paraglider,competition,false,101,,,https://flyozone.com/paragliders/products/gliders/enzo-2,,S,22,12.9,7.55,18.6,10.1,5.5,,90,105,,,,,CCC,CCC,,,
ozone,Enzo 2,,paraglider,competition,false,101,,,https://flyozone.com/paragliders/products/gliders/enzo-2,,M,23.7,13.4,7.55,20.1,10.5,5.5,,95,115,,,,,CCC,CCC,,,
ozone,Enzo 2,,paraglider,competition,false,101,,,https://flyozone.com/paragliders/products/gliders/enzo-2,,L,25.7,13.9,7.55,21.7,10.9,5.5,,105,125,,,,,CCC,CCC,,,
ozone,Flx,,paraglider,leisure,false,,,,https://flyozone.com/paragliders/products/gliders/flx,,18,17.9,10.2,5.8,15.4,8.2,4.3,4.2,65,105,,,,,,,,,
ozone,Flx 2,,paraglider,leisure,false,,,,https://flyozone.com/paragliders/products/gliders/flx-2,,18,17.9,10.2,5.8,15.4,8.2,4.3,4.2,65,105,,,,,,,,,
ozone,Flx 3,,paraglider,leisure,false,,,,https://flyozone.com/paragliders/products/gliders/flx-3,,18,17.9,10.2,5.8,15.4,8.2,4.3,4.2,65,105,,,,,,,,,
ozone,Geo 5,,paraglider,xc,false,48,,,https://flyozone.com/paragliders/products/gliders/geo-5,,XS,22.2,10.69,5.16,18.7,8.23,3.62,3.6,55,70,,,,,EN,B,,,
ozone,Geo 5,,paraglider,xc,false,48,,,https://flyozone.com/paragliders/products/gliders/geo-5,,S,24.1,11.14,5.16,20.3,8.57,3.62,3.85,65,85,,,,,EN,B,,,
ozone,Geo 5,,paraglider,xc,false,48,,,https://flyozone.com/paragliders/products/gliders/geo-5,,MS,25.8,11.52,5.16,21.8,8.87,3.62,4,75,95,,,,,EN,B,,,
ozone,Geo 5,,paraglider,xc,false,48,,,https://flyozone.com/paragliders/products/gliders/geo-5,,ML,27.3,11.85,5.16,23,9.12,3.62,4.2,85,105,,,,,EN,B,,,
ozone,Geo 5,,paraglider,xc,false,48,,,https://flyozone.com/paragliders/products/gliders/geo-5,,L,29,12.22,5.16,24.5,9.4,3.62,4.45,95,115,,,,,EN,B,,,
ozone,Geo 6,,paraglider,xc,false,48,,,https://flyozone.com/paragliders/products/gliders/geo-6,,XS,22.2,10.69,5.16,18.7,8.23,3.62,3.3,55,70,,,,,EN,B,,,
ozone,Geo 6,,paraglider,xc,false,48,,,https://flyozone.com/paragliders/products/gliders/geo-6,,S,24.1,11.14,5.16,20.3,8.57,3.62,3.5,65,85,,,,,EN,B,,,
ozone,Geo 6,,paraglider,xc,false,48,,,https://flyozone.com/paragliders/products/gliders/geo-6,,MS,25.8,11.52,5.16,21.8,8.87,3.62,3.7,75,95,,,,,EN,B,,,
ozone,Geo 6,,paraglider,xc,false,48,,,https://flyozone.com/paragliders/products/gliders/geo-6,,ML,27.3,11.85,5.16,23,9.12,3.62,3.9,85,105,,,,,EN,B,,,
ozone,Geo 6,,paraglider,xc,false,48,,,https://flyozone.com/paragliders/products/gliders/geo-6,,L,29,12.22,5.16,24.5,9.4,3.62,4.1,95,115,,,,,EN,B,,,
ozone,Geo,,paraglider,leisure,false,,,,https://flyozone.com/paragliders/products/gliders/geo,,XS,22.8,10.8,5.1,19.55,8.26,3.7,3.9,55,70,,,,,,,,,
ozone,Geo,,paraglider,leisure,false,,,,https://flyozone.com/paragliders/products/gliders/geo,,S,25.1,11.3,5.1,21.51,8.66,3.7,4.3,65,85,,,,,,,,,
ozone,Geo,,paraglider,leisure,false,,,,https://flyozone.com/paragliders/products/gliders/geo,,M,27.4,11.8,5.1,23.51,9.05,3.7,4.6,80,100,,,,,,,,,
ozone,Geo,,paraglider,leisure,false,,,,https://flyozone.com/paragliders/products/gliders/geo,,L,29.6,12.3,5.1,25.35,9.45,3.7,4.9,95,115,,,,,,,,,
ozone,Geo 4,,paraglider,xc,false,45,,,https://flyozone.com/paragliders/products/gliders/geo-4,,XS,22.2,10.69,5.15,19.12,8.47,3.75,3.3,58,70,,,,,EN,B,,,
ozone,Geo 4,,paraglider,xc,false,45,,,https://flyozone.com/paragliders/products/gliders/geo-4,,S,24.1,11.14,5.15,20.75,8.82,3.75,3.495,65,85,,,,,EN,B,,,
ozone,Geo 4,,paraglider,xc,false,45,,,https://flyozone.com/paragliders/products/gliders/geo-4,,MS,25.8,11.52,5.15,22.22,9.13,3.75,3.675,75,95,,,,,EN,B,,,
ozone,Geo 4,,paraglider,xc,false,45,,,https://flyozone.com/paragliders/products/gliders/geo-4,,ML,27.3,11.85,5.15,23.5,9.39,3.75,3.845,85,105,,,,,EN,B,,,
ozone,Geo 4,,paraglider,xc,false,45,,,https://flyozone.com/paragliders/products/gliders/geo-4,,L,29.3,12.28,5.15,25.23,9.73,3.75,4.06,95,115,,,,,EN,B,,,
ozone,Geo Ii,,paraglider,leisure,false,,,,https://flyozone.com/paragliders/products/gliders/geo-ii,,XS,22.2,10.65,5.1,19.1,8.43,3.73,4.15,55,70,,,,,EN,1-2,,,
ozone,Geo Ii,,paraglider,leisure,false,,,,https://flyozone.com/paragliders/products/gliders/geo-ii,,S,24,11.07,5.1,20.65,8.76,3.73,4.45,65,85,,,,,EN,1-2,,,
ozone,Geo Ii,,paraglider,leisure,false,,,,https://flyozone.com/paragliders/products/gliders/geo-ii,,MS,25.8,11.5,5.1,22.21,9.1,3.73,4.75,75,95,,,,,EN,1-2,,,
ozone,Geo Ii,,paraglider,leisure,false,,,,https://flyozone.com/paragliders/products/gliders/geo-ii,,ML,27.5,11.85,5.1,23.67,9.38,3.73,5.05,85,105,,,,,EN,1-2,,,
ozone,Geo Ii,,paraglider,leisure,false,,,,https://flyozone.com/paragliders/products/gliders/geo-ii,,L,29.3,12.23,5.1,25.21,9.68,3.73,5.35,95,115,,,,,EN,1-2,,,
ozone,Geo Iii,,paraglider,school,false,,,,https://flyozone.com/paragliders/products/gliders/geo-iii,,XS,22.2,10.69,5.15,19.12,8.47,3.75,3.95,55,70,,,,,EN,A,,,
ozone,Geo Iii,,paraglider,school,false,,,,https://flyozone.com/paragliders/products/gliders/geo-iii,,S,24.1,11.14,5.15,20.75,8.82,3.75,4.1,65,85,,,,,EN,B,,,
ozone,Geo Iii,,paraglider,school,false,,,,https://flyozone.com/paragliders/products/gliders/geo-iii,,MS,25.8,11.52,5.15,22.22,9.13,3.75,4.25,75,95,,,,,EN,B,,,
ozone,Geo Iii,,paraglider,school,false,,,,https://flyozone.com/paragliders/products/gliders/geo-iii,,ML,27.3,11.85,5.15,23.5,9.39,3.75,4.4,85,105,,,,,EN,B,,,
ozone,Geo Iii,,paraglider,school,false,,,,https://flyozone.com/paragliders/products/gliders/geo-iii,,L,29.3,12.28,5.15,25.23,9.73,3.75,4.75,95,115,,,,,EN,B,,,
ozone,Jomo,,paraglider,school,false,40,,,https://flyozone.com/paragliders/products/gliders/jomo,,XS,22,10.39,4.9,18.7,8.05,3.46,3.35,55,70,,,,,EN,A,,,
ozone,Jomo,,paraglider,school,false,40,,,https://flyozone.com/paragliders/products/gliders/jomo,,S,23.9,10.83,4.9,20.3,8.39,3.46,3.6,65,85,,,,,EN,A,,,
ozone,Jomo,,paraglider,school,false,40,,,https://flyozone.com/paragliders/products/gliders/jomo,,M,26,11.29,4.9,22.1,8.75,3.46,3.8,80,100,,,,,EN,A,,,
ozone,Jomo,,paraglider,school,false,40,,,https://flyozone.com/paragliders/products/gliders/jomo,,L,28.3,11.77,4.9,24,9.12,3.46,3.98,95,115,,,,,EN,A,,,
ozone,Jomo,,paraglider,school,false,40,,,https://flyozone.com/paragliders/products/gliders/jomo,,XL,30.7,12.27,4.9,26.1,9.51,3.46,4.27,110,130,,,,,EN,A,,,
ozone,Jomo 2,,paraglider,school,false,40,,,https://flyozone.com/paragliders/products/gliders/jomo-2,,XS,22.4,10.48,4.91,19.1,8.12,3.46,3.3,60,75,,,,,EN,A,,,
ozone,Jomo 2,,paraglider,school,false,40,,,https://flyozone.com/paragliders/products/gliders/jomo-2,,S,24.3,10.92,4.91,20.7,8.47,3.46,3.5,65,85,,,,,EN,A,,,
ozone,Jomo 2,,paraglider,school,false,40,,,https://flyozone.com/paragliders/products/gliders/jomo-2,,M,26.4,11.39,4.9,22.5,8.83,3.46,3.8,80,100,,,,,EN,A,,,
ozone,Jomo 2,,paraglider,school,false,40,,,https://flyozone.com/paragliders/products/gliders/jomo-2,,L,28.72,11.87,4.9,24.5,9.2,3.46,4,95,115,,,,,EN,A,,,
ozone,Lm4,,paraglider,competition,false,63,,,https://flyozone.com/paragliders/products/gliders/lm4,,S,23.1,12.26,6.5,19.7,9.67,4.76,4.57,65,85,,,,,EN,D,,,
ozone,Lm4,,paraglider,competition,false,63,,,https://flyozone.com/paragliders/products/gliders/lm4,,MS,24.6,12.65,6.5,20.9,9.98,4.76,4.77,80,95,,,,,EN,D,,,
ozone,Lm4,,paraglider,competition,false,63,,,https://flyozone.com/paragliders/products/gliders/lm4,,ML,25.6,12.9,6.5,21.8,10.18,4.76,4.87,90,105,,,,,EN,D,,,
ozone,Lm4,,paraglider,competition,false,63,,,https://flyozone.com/paragliders/products/gliders/lm4,,L,28.1,13.52,6.5,23.9,10.67,4.76,5.07,100,120,,,,,EN,D,,,
ozone,Lm5,,paraglider,competition,false,62,,,https://flyozone.com/paragliders/products/gliders/lm5,,S,22.1,12.33,6.9,18.6,9.69,5.1,3.25,65,85,,,,,EN,D,,,
ozone,Lm5,,paraglider,competition,false,62,,,https://flyozone.com/paragliders/products/gliders/lm5,,MS,23.4,12.69,6.9,19.7,9.97,5.1,3.35,80,95,,,,,EN,D,,,
ozone,Lm5,,paraglider,competition,false,62,,,https://flyozone.com/paragliders/products/gliders/lm5,,ML,24.7,13.05,6.9,20.8,10.26,5.1,3.55,90,105,,,,,EN,D,,,
ozone,Lm6,,paraglider,leisure,false,66,,,https://flyozone.com/paragliders/products/gliders/lm6,,S,22,12.35,6.9,,9.7,5,3.89,65,85,,,,,,,,,
ozone,Lm6,,paraglider,leisure,false,66,,,https://flyozone.com/paragliders/products/gliders/lm6,,MS,23.3,12.69,6.9,,9.97,5,4.06,80,95,,,,,,,,,
ozone,Lm6,,paraglider,leisure,false,66,,,https://flyozone.com/paragliders/products/gliders/lm6,,ML,24.6,13.04,6.9,,10.25,5,4.22,90,105,,,,,,,,,
ozone,Lm6,,paraglider,leisure,false,66,,,https://flyozone.com/paragliders/products/gliders/lm6,,L,26,13.43,6.9,,10.55,5,4.4,100,120,,,,,,,,,
ozone,Lm7,,paraglider,leisure,false,78,,,https://flyozone.com/paragliders/products/gliders/lm7,,XS,19.3,11.2,6.5,16.2,8.8,4.7,4,60,75,,,,,,,,,
ozone,Lm7,,paraglider,leisure,false,78,,,https://flyozone.com/paragliders/products/gliders/lm7,,S,20.9,11.6,6.5,17.6,9.1,4.7,4.3,70,85,,,,,,,,,
ozone,Lm7,,paraglider,leisure,false,78,,,https://flyozone.com/paragliders/products/gliders/lm7,,MS,22.6,12.1,6.5,19,9.5,4.7,4.5,80,95,,,,,,,,,
ozone,Lm7,,paraglider,leisure,false,78,,,https://flyozone.com/paragliders/products/gliders/lm7,,ML,24.2,12.5,6.5,20.4,9.8,4.7,4.7,90,105,,,,,,,,,
ozone,Lm7,,paraglider,leisure,false,78,,,https://flyozone.com/paragliders/products/gliders/lm7,,L,25.7,12.9,6.5,21.6,10.1,4.7,5,100,115,,,,,,,,,
ozone,Mag2Lite,,paraglider,leisure,false,52,,,https://flyozone.com/paragliders/products/gliders/mag2lite,,38,38,14.12,5.25,,11.12,3.82,6.95,110,185,,,,,,,,,
ozone,Mag2Lite,,paraglider,leisure,false,52,,,https://flyozone.com/paragliders/products/gliders/mag2lite,,41,41,14.67,5.25,,11.55,3.82,7.31,130,220,,,,,,,,,
ozone,Magnum,,paraglider,leisure,false,46,,,https://flyozone.com/paragliders/products/gliders/magnum,,SIZE1,41,14.5,5.1,34.9,11.3,3.7,8.2,130,220,,,,,EN,1-2,,,
ozone,Magnum 2009,,paraglider,xc,false,46,,,https://flyozone.com/paragliders/products/gliders/magnum-2009,,SIZE1,41,14.5,5.1,34.9,11.3,3.7,8.9,130,220,,,,,EN,B,,,
ozone,Magnum 2009,,paraglider,xc,false,46,,,https://flyozone.com/paragliders/products/gliders/magnum-2009,,SIZE2,38,13.9,5.1,32.36,10.9,3.7,8.2,110,185,,,,,EN,B,,,
ozone,Magnum 2,,paraglider,leisure,false,52,,,https://flyozone.com/paragliders/products/gliders/magnum-2,,41,41,14.67,5.25,34.9,11.55,3.82,8.37,130,220,,,,,,,,,
ozone,Magnum 2,,paraglider,leisure,false,52,,,https://flyozone.com/paragliders/products/gliders/magnum-2,,38,38,14.12,5.25,32.3,11.12,3.82,8,110,185,,,,,,,,,
ozone,Magnum 3,,paraglider,xc,false,54,,,https://flyozone.com/paragliders/products/gliders/magnum-3,,38,38.2,14.1,5.2,32.1,11,3.8,7.3,110,185,,,,,EN,B,,,
ozone,Magnum 3,,paraglider,xc,false,54,,,https://flyozone.com/paragliders/products/gliders/magnum-3,,41,41.2,14.7,5.2,34.7,11.4,3.8,7.7,130,220,,,,,EN,B,,,
ozone,Mantra,,paraglider,leisure,false,,,,https://flyozone.com/paragliders/products/gliders/mantra,,S,24.03,12.02,6.02,20.59,9.6,4.48,5.3,70,87,,,,,,,,,
ozone,Mantra,,paraglider,leisure,false,,,,https://flyozone.com/paragliders/products/gliders/mantra,,M,26.07,12.52,6.02,22.34,10,4.48,5.6,82,102,,,,,,,,,
ozone,Mantra,,paraglider,leisure,false,,,,https://flyozone.com/paragliders/products/gliders/mantra,,L,28.58,13.1,6.02,24.45,10.47,4.48,6,97,117,,,,,,,,,
ozone,Mantra,,paraglider,leisure,false,,,,https://flyozone.com/paragliders/products/gliders/mantra,,XL,31.53,13.78,6.02,27.03,11,4.48,6.3,112,135,,,,,,,,,
ozone,Mantra M2,,paraglider,leisure,false,,,,https://flyozone.com/paragliders/products/gliders/mantra-m2,,S,24.5,12.4,6.23,20.95,9.8,4.6,5.5,,,,,,,EN,2-3,,,
ozone,Mantra M2,,paraglider,leisure,false,,,,https://flyozone.com/paragliders/products/gliders/mantra-m2,,M,26.5,12.8,6.23,22.66,10.2,4.6,5.8,82,102,,,,,EN,2-3,,,
ozone,Mantra M2,,paraglider,leisure,false,,,,https://flyozone.com/paragliders/products/gliders/mantra-m2,,L,29,13.4,6.23,24.8,10.7,4.6,6.1,97,117,,,,,EN,2-3,,,
ozone,Mantra M3,,paraglider,competition,false,,,,https://flyozone.com/paragliders/products/gliders/mantra-m3,,S,24,12.49,6.5,20.43,9.86,4.76,5.8,,,,,,,EN,D,,,
ozone,Mantra M3,,paraglider,competition,false,,,,https://flyozone.com/paragliders/products/gliders/mantra-m3,,M,26,13,6.5,22.13,10.39,4.76,6,82,102,,,,,EN,D,,,
ozone,Mantra M3,,paraglider,competition,false,,,,https://flyozone.com/paragliders/products/gliders/mantra-m3,,L,28.5,13.61,6.5,24.26,10.75,4.76,6.2,97,117,,,,,EN,D,,,
ozone,Mantra M4,,paraglider,competition,false,,,,https://flyozone.com/paragliders/products/gliders/mantra-m4,,S,23.1,12.26,6.5,19.7,9.67,4.76,5.6,65,85,,,,,EN,D,,,
ozone,Mantra M4,,paraglider,competition,false,,,,https://flyozone.com/paragliders/products/gliders/mantra-m4,,MS,24.6,12.65,6.5,20.9,9.98,4.76,5.8,80,95,,,,,EN,D,,,
ozone,Mantra M4,,paraglider,competition,false,,,,https://flyozone.com/paragliders/products/gliders/mantra-m4,,ML,25.6,13.9,6.5,21.8,10.18,4.76,5.9,90,105,,,,,EN,D,,,
ozone,Mantra M4,,paraglider,competition,false,,,,https://flyozone.com/paragliders/products/gliders/mantra-m4,,L,28.1,13.52,6.5,23.9,10.67,4.76,6.1,100,120,,,,,EN,D,,,
ozone,Mantra M4,,paraglider,competition,false,,,,https://flyozone.com/paragliders/products/gliders/mantra-m4,,XL,29.59,13.87,6.5,25.19,10.95,4.76,6.3,115,130,,,,,EN,D,,,
ozone,Mantra M6,,paraglider,leisure,false,66,,,https://flyozone.com/paragliders/products/gliders/mantra-m6,,S,22,12.35,6.9,,9.7,5,5.1,65,85,,,,,,,,,
ozone,Mantra M6,,paraglider,leisure,false,66,,,https://flyozone.com/paragliders/products/gliders/mantra-m6,,MS,23.3,12.69,6.9,,9.97,5,5.35,80,95,,,,,,,,,
ozone,Mantra M6,,paraglider,leisure,false,66,,,https://flyozone.com/paragliders/products/gliders/mantra-m6,,ML,24.6,13.04,6.9,,10.25,5,5.55,90,105,,,,,,,,,
ozone,Mantra M6,,paraglider,leisure,false,66,,,https://flyozone.com/paragliders/products/gliders/mantra-m6,,L,26,13.43,6.9,,10.55,5,5.85,100,120,,,,,,,,,
ozone,Mantra M7,,paraglider,leisure,false,78,,,https://flyozone.com/paragliders/products/gliders/mantra-m7,,XS,19.3,11.2,6.5,16.2,8.8,4.7,4.6,60,75,,,,,,,,,
ozone,Mantra M7,,paraglider,leisure,false,78,,,https://flyozone.com/paragliders/products/gliders/mantra-m7,,S,20.9,11.6,6.5,17.6,9.1,4.7,4.9,70,85,,,,,,,,,
ozone,Mantra M7,,paraglider,leisure,false,78,,,https://flyozone.com/paragliders/products/gliders/mantra-m7,,MS,22.6,12.1,6.5,19,9.5,4.7,5.2,80,95,,,,,,,,,
ozone,Mantra M7,,paraglider,leisure,false,78,,,https://flyozone.com/paragliders/products/gliders/mantra-m7,,ML,24.2,12.5,6.5,20.4,9.8,4.7,5.5,90,105,,,,,,,,,
ozone,Mantra M7,,paraglider,leisure,false,78,,,https://flyozone.com/paragliders/products/gliders/mantra-m7,,L,25.7,12.9,6.5,21.6,10.1,4.7,5.6,100,115,,,,,,,,,
ozone,Mantra M7,,paraglider,leisure,false,78,,,https://flyozone.com/paragliders/products/gliders/mantra-m7,,XL,27.6,13.35,6.5,23.3,10.5,4.7,6,110,130,,,,,,,,,
ozone,Mantra R09,,paraglider,leisure,false,79,,,https://flyozone.com/paragliders/products/gliders/mantra-r09,,S,23.1,13,7.3,20,10.9,5.6,,90,100,,,,,,,,,
ozone,Mantra R09,,paraglider,leisure,false,79,,,https://flyozone.com/paragliders/products/gliders/mantra-r09,,M,24.9,13.5,7.3,21.5,11,5.6,,100,110,,,,,,,,,
ozone,Mantra R09,,paraglider,leisure,false,79,,,https://flyozone.com/paragliders/products/gliders/mantra-r09,,L,26.7,14,7.3,23.2,11.4,5.6,,110,120,,,,,,,,,
ozone,Mantra R10,,paraglider,leisure,false,73,,,https://flyozone.com/paragliders/products/gliders/mantra-r10,,SIZE1,22.9,,7.3,,,,,90,100,,,,,,,,,
ozone,Mantra R10,,paraglider,leisure,false,73,,,https://flyozone.com/paragliders/products/gliders/mantra-r10,,SIZE2,24.7,,7.3,,,,,100,110,,,,,,,,,
ozone,Mantra R10,,paraglider,leisure,false,73,,,https://flyozone.com/paragliders/products/gliders/mantra-r10,,SIZE3,26.7,,7.3,,,,,110,120,,,,,,,,,
ozone,Mantra R11,,paraglider,leisure,false,82,,,https://flyozone.com/paragliders/products/gliders/mantra-r11,,X-S,19.5,,7.55,,,,,75,85,,,,,,,,,
ozone,Mantra R11,,paraglider,leisure,false,82,,,https://flyozone.com/paragliders/products/gliders/mantra-r11,,S,20.7,,7.55,,,,,80,90,,,,,,,,,
ozone,Mantra R11,,paraglider,leisure,false,82,,,https://flyozone.com/paragliders/products/gliders/mantra-r11,,M,22,,7.55,,,,,90,100,,,,,,,,,
ozone,Mantra R11,,paraglider,leisure,false,82,,,https://flyozone.com/paragliders/products/gliders/mantra-r11,,L,23.7,,7.55,,,,,100,110,,,,,,,,,
ozone,Mantra R11,,paraglider,leisure,false,82,,,https://flyozone.com/paragliders/products/gliders/mantra-r11,,X-L,25.7,,7.55,,,,,110,120,,,,,,,,,
ozone,Mantra R12,,paraglider,leisure,false,82,,,https://flyozone.com/paragliders/products/gliders/mantra-r12,,XS,20.7,12.5,7.55,17.5,9.8,5.5,5.6,80,95,,,,,,,,,
ozone,Mantra R12,,paraglider,leisure,false,82,,,https://flyozone.com/paragliders/products/gliders/mantra-r12,,S,22,12.9,7.55,18.6,10.1,5.5,5.8,90,105,,,,,,,,,
ozone,Mantra R12,,paraglider,leisure,false,82,,,https://flyozone.com/paragliders/products/gliders/mantra-r12,,M,23.7,13.4,7.55,20.1,10.5,5.5,6,100,115,,,,,,,,,
ozone,Mantra R12,,paraglider,leisure,false,82,,,https://flyozone.com/paragliders/products/gliders/mantra-r12,,L,25.7,13.9,7.55,21.7,10.9,5.5,6.2,110,125,,,,,,,,,
ozone,Mcdaddy,,paraglider,leisure,false,42,,,https://flyozone.com/paragliders/products/gliders/mcdaddy,,SIZE1,41.1,14.19,4.9,35.1,11.27,3.62,8.4,130,200,,,,,,,,,
ozone,Mcdaddy,,paraglider,leisure,false,42,,,https://flyozone.com/paragliders/products/gliders/mcdaddy,,SIZE2,43.8,14.64,4.9,37.8,11.69,3.62,8.85,140,230,,,,,,,,,
ozone,Mojo,,paraglider,leisure,false,39,,,https://flyozone.com/paragliders/products/gliders/mojo,,XS,,,,,,,5,55,70,,,,,,,,,
ozone,Mojo,,paraglider,leisure,false,39,,,https://flyozone.com/paragliders/products/gliders/mojo,,S,,,,,,,5.25,65,85,,,,,,,,,
ozone,Mojo,,paraglider,leisure,false,39,,,https://flyozone.com/paragliders/products/gliders/mojo,,M,,,,,,,5.5,80,100,,,,,,,,,
ozone,Mojo,,paraglider,leisure,false,39,,,https://flyozone.com/paragliders/products/gliders/mojo,,L,,,,,,,6,95,115,,,,,,,,,
ozone,Mojo,,paraglider,leisure,false,39,,,https://flyozone.com/paragliders/products/gliders/mojo,,XL,,,,,,,6.5,110,135,,,,,,,,,
ozone,Mojo 2,,paraglider,leisure,false,39,,,https://flyozone.com/paragliders/products/gliders/mojo-2,,XS,22.8,10.67,5.02,19.61,8.49,3.68,5.8,55,70,,,,,EN,1 / B,,,
ozone,Mojo 2,,paraglider,leisure,false,39,,,https://flyozone.com/paragliders/products/gliders/mojo-2,,S,25.1,11.2,5.02,21.59,8.9,3.68,,65,85,,,,,EN,1 / B,,,
ozone,Mojo 2,,paraglider,leisure,false,39,,,https://flyozone.com/paragliders/products/gliders/mojo-2,,M,27.4,11.73,5.02,23.63,9.33,3.68,,80,100,,,,,EN,1 / A,,,
ozone,Mojo 2,,paraglider,leisure,false,39,,,https://flyozone.com/paragliders/products/gliders/mojo-2,,L,29.7,12.18,5.02,25.55,9.69,3.68,,95,115,,,,,EN,1 / B,,,
ozone,Mojo 2,,paraglider,leisure,false,39,,,https://flyozone.com/paragliders/products/gliders/mojo-2,,XL,32,12.64,5.02,27.53,10.06,3.68,,110,135,,,,,EN,1 / B,,,
ozone,Mojo 3,,paraglider,leisure,false,39,,,https://flyozone.com/paragliders/products/gliders/mojo-3,,XS,22.8,10.68,5.01,19.71,8.5,3.67,5.5,55,70,,,,,EN,1/B,,,
ozone,Mojo 3,,paraglider,leisure,false,39,,,https://flyozone.com/paragliders/products/gliders/mojo-3,,S,25.19,11.23,5.01,21.77,8.93,3.67,5.8,65,85,,,,,EN,1/B,,,
ozone,Mojo 3,,paraglider,leisure,false,39,,,https://flyozone.com/paragliders/products/gliders/mojo-3,,M,27.49,11.73,5.01,23.76,9.33,3.67,6.1,80,100,,,,,EN,1/B,,,
ozone,Mojo 3,,paraglider,leisure,false,39,,,https://flyozone.com/paragliders/products/gliders/mojo-3,,L,29.79,12.21,5.01,25.75,9.72,3.67,6.24,95,115,,,,,EN,1/A,,,
ozone,Mojo 3,,paraglider,leisure,false,39,,,https://flyozone.com/paragliders/products/gliders/mojo-3,,XL,32,12.66,5.01,27.66,10.07,3.67,6.7,110,135,,,,,EN,1/B,,,
ozone,Mojo 4,,paraglider,school,false,39,,,https://flyozone.com/paragliders/products/gliders/mojo-4,,XS,22.2,10.54,5,19.2,8.39,3.67,4.5,55,70,,,,,EN,A,,,
ozone,Mojo 4,,paraglider,school,false,39,,,https://flyozone.com/paragliders/products/gliders/mojo-4,,S,24.3,11.03,5,21,8.77,3.67,5,65,85,,,,,EN,A,,,
ozone,Mojo 4,,paraglider,school,false,39,,,https://flyozone.com/paragliders/products/gliders/mojo-4,,M,26.5,11.52,5,22.9,9.16,3.67,5.45,80,100,,,,,EN,A,,,
ozone,Mojo 4,,paraglider,school,false,39,,,https://flyozone.com/paragliders/products/gliders/mojo-4,,L,28.7,11.98,5,24.8,9.53,3.67,5.7,95,115,,,,,EN,A,,,
ozone,Mojo 4,,paraglider,school,false,39,,,https://flyozone.com/paragliders/products/gliders/mojo-4,,XL,31,12.45,5,26.8,9.9,3.67,6,110,135,,,,,EN,A,,,
ozone,Mojo 5,,paraglider,school,false,40,,,https://flyozone.com/paragliders/products/gliders/mojo-5,,XS,22,10.39,4.9,18.7,8.05,3.46,4.5,55,70,,,,,EN,A,,,
ozone,Mojo 5,,paraglider,school,false,40,,,https://flyozone.com/paragliders/products/gliders/mojo-5,,S,23.9,10.83,4.9,20.3,8.39,3.46,4.77,65,85,,,,,EN,A,,,
ozone,Mojo 5,,paraglider,school,false,40,,,https://flyozone.com/paragliders/products/gliders/mojo-5,,M,26,11.29,4.9,22.1,8.75,3.46,5.03,80,100,,,,,EN,A,,,
ozone,Mojo 5,,paraglider,school,false,40,,,https://flyozone.com/paragliders/products/gliders/mojo-5,,L,28.3,11.77,4.9,24,9.12,3.46,5.45,95,115,,,,,EN,A,,,
ozone,Mojo 5,,paraglider,school,false,40,,,https://flyozone.com/paragliders/products/gliders/mojo-5,,XL,30.7,12.27,4.9,26.1,9.51,3.46,5.83,110,130,,,,,EN,A,,,
ozone,Mojo 6,,paraglider,school,false,40,,,https://flyozone.com/paragliders/products/gliders/mojo-6,,XS,22.4,10.48,4.91,19.1,8.12,3.46,4.3,60,75,,,,,EN,A,,,
ozone,Mojo 6,,paraglider,school,false,40,,,https://flyozone.com/paragliders/products/gliders/mojo-6,,S,24.3,10.92,4.91,20.7,8.47,3.46,4.7,65,85,,,,,EN,A,,,
ozone,Mojo 6,,paraglider,school,false,40,,,https://flyozone.com/paragliders/products/gliders/mojo-6,,M,26.4,11.39,4.91,22.6,8.83,3.46,4.9,80,100,,,,,EN,A,,,
ozone,Mojo 6,,paraglider,school,false,40,,,https://flyozone.com/paragliders/products/gliders/mojo-6,,L,28.7,11.88,4.91,24.5,9.21,3.46,5.3,95,115,,,,,EN,A,,,
ozone,Mojo 6,,paraglider,school,false,40,,,https://flyozone.com/paragliders/products/gliders/mojo-6,,XL,31.2,12.48,4.91,26.6,9.6,3.46,5.8,110,130,,,,,EN,A,,,
ozone,Octane,,paraglider,leisure,false,53,,,https://flyozone.com/paragliders/products/gliders/octane,,SIZE1,24.78,11.31,5.16,21.52,9.17,3.91,,65,85,,,,,,,,,
ozone,Octane,,paraglider,leisure,false,53,,,https://flyozone.com/paragliders/products/gliders/octane,,SIZE2,26.89,11.78,5.16,23.35,9.55,3.91,,80,100,,,,,,,,,
ozone,Octane,,paraglider,leisure,false,53,,,https://flyozone.com/paragliders/products/gliders/octane,,SIZE3,29.08,12.25,5.16,25.26,9.94,3.91,,95,115,,,,,,,,,
ozone,Octane,,paraglider,leisure,false,53,,,https://flyozone.com/paragliders/products/gliders/octane,,SIZE4,31.36,12.72,5.16,27.24,10.32,3.91,,110,135,,,,,,,,,
ozone,Octane 2,,paraglider,xc,false,44,,,https://flyozone.com/paragliders/products/gliders/octane-2,,20,20,10.2,5.2,17.1,8,3.8,5,,,,,,,EN,C,,,
ozone,Octane 2,,paraglider,xc,false,44,,,https://flyozone.com/paragliders/products/gliders/octane-2,,22,21.6,10.6,5.2,18.4,8.3,3.8,5.3,55,90,,,,,EN,C,,,
ozone,Octane 2,,paraglider,xc,false,44,,,https://flyozone.com/paragliders/products/gliders/octane-2,,25,24.2,11.2,5.2,20.7,8.8,3.8,5.5,65,105,,,,,,,,,
ozone,Octane Flx,,paraglider,leisure,false,,,,https://flyozone.com/paragliders/products/gliders/octane-flx,,22,,10.6,5.2,18.4,8.3,3.8,5,55,90,,,,,EN,EN C,,,
ozone,Octane Flx,,paraglider,leisure,false,,,,https://flyozone.com/paragliders/products/gliders/octane-flx,,25,,11.2,5.2,20.7,8.8,3.8,5.7,65,105,,,,,EN,EN C,,,
ozone,Peak,,paraglider,leisure,false,33,,,https://flyozone.com/paragliders/products/gliders/peak,,SIZE1,25.37,11.1,4.86,22.36,8.67,3.36,4.2,65,85,,,,,,,,,
ozone,Peak,,paraglider,leisure,false,33,,,https://flyozone.com/paragliders/products/gliders/peak,,SIZE2,27.52,11.57,4.86,24.26,9.03,3.36,4.5,80,100,,,,,,,,,
ozone,Peak,,paraglider,leisure,false,33,,,https://flyozone.com/paragliders/products/gliders/peak,,SIZE3,29.76,12.03,4.86,26.24,9.39,3.36,4.8,95,120,,,,,,,,,
ozone,Proton,,paraglider,leisure,false,65,,,https://flyozone.com/paragliders/products/gliders/proton,,SIZE1,23.09,11.49,5.72,20.75,9.473,4.32,,60,85,,,,,,,,,
ozone,Proton,,paraglider,leisure,false,65,,,https://flyozone.com/paragliders/products/gliders/proton,,SIZE2,25.58,12.09,5.72,23,9.972,4.32,,80,105,,,,,,,,,
ozone,Proton,,paraglider,leisure,false,65,,,https://flyozone.com/paragliders/products/gliders/proton,,SIZE3,28.7,12.82,5.72,25.8,10.57,4.32,,100,125,,,,,,,,,
ozone,Proton Gt,,paraglider,leisure,false,61,,,https://flyozone.com/paragliders/products/gliders/proton-gt,,S,25.2,12.09,5.85,21.92,9.72,4.31,,65,85,,,,,,,,,
ozone,Proton Gt,,paraglider,leisure,false,61,,,https://flyozone.com/paragliders/products/gliders/proton-gt,,M,26.86,12.53,5.85,23.54,10.07,4.31,,80,100,,,,,,,,,
ozone,Proton Gt,,paraglider,leisure,false,61,,,https://flyozone.com/paragliders/products/gliders/proton-gt,,L,28.5,12.92,5.85,25.3,10.38,4.31,,95,115,,,,,,,,,
ozone,Proton Gt,,paraglider,leisure,false,61,,,https://flyozone.com/paragliders/products/gliders/proton-gt,,XL,30,13.26,5.85,26.34,10.65,4.31,,110,135,,,,,,,,,
ozone,Rush,,paraglider,leisure,false,,,,https://flyozone.com/paragliders/products/gliders/rush,,XS,22.37,10.75,5.17,19.28,8.48,3.73,5.3,55,75,,,,,,,,,
ozone,Rush,,paraglider,leisure,false,,,,https://flyozone.com/paragliders/products/gliders/rush,,S,24.57,11.27,5.17,21.18,8.89,3.73,5.6,70,90,,,,,,,,,
ozone,Rush,,paraglider,leisure,false,,,,https://flyozone.com/paragliders/products/gliders/rush,,M,26.66,11.74,5.17,23,9.26,3.73,5.9,85,105,,,,,,,,,
ozone,Rush,,paraglider,leisure,false,,,,https://flyozone.com/paragliders/products/gliders/rush,,L,29.16,12.28,5.17,25.14,9.68,3.73,6.3,100,120,,,,,,,,,
ozone,Rush,,paraglider,leisure,false,,,,https://flyozone.com/paragliders/products/gliders/rush,,XL,32,12.85,5.17,27.55,10.14,3.73,6.6,115,135,,,,,,,,,
ozone,Rush 2,,paraglider,leisure,false,,,,https://flyozone.com/paragliders/products/gliders/rush-2,,XS,22.3,10.97,5.4,19.4,8.86,4.1,5,55,75,,,,,EN,2 / B,,,
ozone,Rush 2,,paraglider,leisure,false,,,,https://flyozone.com/paragliders/products/gliders/rush-2,,S,24.4,11.47,5.4,21.2,9.26,4.1,5.3,70,90,,,,,EN,1-2 / B,,,
ozone,Rush 2,,paraglider,leisure,false,,,,https://flyozone.com/paragliders/products/gliders/rush-2,,M,26.5,11.96,5.4,23,9.66,4.1,5.6,85,105,,,,,EN,1-2 / B,,,
ozone,Rush 2,,paraglider,leisure,false,,,,https://flyozone.com/paragliders/products/gliders/rush-2,,L,28.8,12.47,5.4,25,10.06,4.1,5.95,100,120,,,,,EN,1-2 / B,,,
ozone,Rush 2,,paraglider,leisure,false,,,,https://flyozone.com/paragliders/products/gliders/rush-2,,XL,31.4,13.02,5.4,27.3,10.51,4.1,6.3,115,135,,,,,EN,1-2 / B,,,
ozone,Rush 3,,paraglider,xc,false,,,,https://flyozone.com/paragliders/products/gliders/rush-3,,XS,22,11,5.5,19,8.86,4.12,5.2,55,75,,,,,EN,C,,,
ozone,Rush 3,,paraglider,xc,false,,,,https://flyozone.com/paragliders/products/gliders/rush-3,,S,24,11.49,5.5,20.8,9.25,4.12,5.4,70,90,,,,,EN,B,,,
ozone,Rush 3,,paraglider,xc,false,,,,https://flyozone.com/paragliders/products/gliders/rush-3,,M,26,11.96,5.5,22.5,9.63,4.12,5.6,85,105,,,,,EN,B,,,
ozone,Rush 3,,paraglider,xc,false,,,,https://flyozone.com/paragliders/products/gliders/rush-3,,L,28.3,12.48,5.5,24.5,10.05,4.12,5.8,100,120,,,,,EN,B,,,
ozone,Rush 3,,paraglider,xc,false,,,,https://flyozone.com/paragliders/products/gliders/rush-3,,XL,31.2,13.1,5.5,27,10.55,4.12,6,115,130,,,,,EN,B,,,
ozone,Rush 4,,paraglider,xc,false,57,,,https://flyozone.com/paragliders/products/gliders/rush-4,,XS,21.4,10.09,5.55,18,8.55,4.05,4.9,,,,,,,EN,B,,,
ozone,Rush 4,,paraglider,xc,false,57,,,https://flyozone.com/paragliders/products/gliders/rush-4,,S,23.8,11.51,5.55,20.1,9.02,4.05,5.2,,,,,,,EN,B,,,
ozone,Rush 4,,paraglider,xc,false,57,,,https://flyozone.com/paragliders/products/gliders/rush-4,,MS,25.1,11.82,5.55,21.2,9.27,4.05,5.5,,,,,,,EN,B,,,
ozone,Rush 4,,paraglider,xc,false,57,,,https://flyozone.com/paragliders/products/gliders/rush-4,,ML,26.5,12.13,5.55,22.3,9.51,4.05,5.7,,,,,,,EN,B,,,
ozone,Rush 4,,paraglider,xc,false,57,,,https://flyozone.com/paragliders/products/gliders/rush-4,,L,28.1,12.48,5.55,23.7,9.78,4.05,6,,,,,,,EN,B,,,
ozone,Rush 4,,paraglider,xc,false,57,,,https://flyozone.com/paragliders/products/gliders/rush-4,,XL,30.8,13.08,5.55,26,10.25,4.05,6.3,,,,,,,EN,B,,,
ozone,Rush 5,,paraglider,xc,false,57,,,https://flyozone.com/paragliders/products/gliders/rush-5,,XS,21.41,10.9,5.55,18.04,8.55,4.05,4.6,55,70,,,,,EN,B,,,
ozone,Rush 5,,paraglider,xc,false,57,,,https://flyozone.com/paragliders/products/gliders/rush-5,,S,23.86,11.51,5.55,20.11,9.02,4.05,5,65,85,,,,,EN,B,,,
ozone,Rush 5,,paraglider,xc,false,57,,,https://flyozone.com/paragliders/products/gliders/rush-5,,MS,25.16,11.81,5.55,21.2,9.27,4.05,5.2,75,95,,,,,EN,B,,,
ozone,Rush 5,,paraglider,xc,false,57,,,https://flyozone.com/paragliders/products/gliders/rush-5,,ML,26.5,12.13,5.55,22.3,9.51,4.05,5.5,85,105,,,,,EN,B,,,
ozone,Rush 5,,paraglider,xc,false,57,,,https://flyozone.com/paragliders/products/gliders/rush-5,,L,28.06,12.48,5.55,23.65,9.78,4.05,5.7,95,115,,,,,EN,B,,,
ozone,Rush 5,,paraglider,xc,false,57,,,https://flyozone.com/paragliders/products/gliders/rush-5,,XL,30.81,13.08,5.55,25.96,10.25,4.05,6.2,110,130,,,,,EN,B,,,
ozone,Swift 4,,paraglider,leisure,false,57,,,https://flyozone.com/paragliders/products/gliders/swift-4,,XS,21.4,10.9,5.55,,8.55,4.05,3.74,55,70,,,,,,,,,
ozone,Swift 4,,paraglider,leisure,false,57,,,https://flyozone.com/paragliders/products/gliders/swift-4,,S,23.8,11.51,5.55,,9.02,4.05,4.05,65,85,,,,,,,,,
ozone,Swift 4,,paraglider,leisure,false,57,,,https://flyozone.com/paragliders/products/gliders/swift-4,,MS,25.1,11.82,5.55,,9.27,4.05,4.19,75,95,,,,,,,,,
ozone,Swift 4,,paraglider,leisure,false,57,,,https://flyozone.com/paragliders/products/gliders/swift-4,,ML,26.5,12.13,5.55,,9.51,4.05,4.35,85,105,,,,,,,,,
ozone,Swift 4,,paraglider,leisure,false,57,,,https://flyozone.com/paragliders/products/gliders/swift-4,,L,28.1,12.48,5.55,,9.78,4.05,4.55,95,115,,,,,,,,,
ozone,Swift,,paraglider,leisure,false,51,,,https://flyozone.com/paragliders/products/gliders/swift,,XS,22.3,10.97,5.4,19.4,8.86,4.1,3.6,55,75,,,,,EN,B / 1-2,,,
ozone,Swift,,paraglider,leisure,false,51,,,https://flyozone.com/paragliders/products/gliders/swift,,S,24.4,11.47,5.4,21.2,9.26,4.1,3.8,70,90,,,,,EN,B / 1-2,,,
ozone,Swift,,paraglider,leisure,false,51,,,https://flyozone.com/paragliders/products/gliders/swift,,M,26.5,11.96,5.4,23,9.66,4.1,4,85,105,,,,,EN,B / 1-2,,,
ozone,Swift,,paraglider,leisure,false,51,,,https://flyozone.com/paragliders/products/gliders/swift,,L,28.8,12.47,5.4,25,10.06,4.1,4.2,100,120,,,,,EN,B / 1-2,,,
ozone,Swift 2,,paraglider,xc,false,51,,,https://flyozone.com/paragliders/products/gliders/swift-2,,XS,22,11,5.5,19,8.86,4.12,4,55,75,,,,,EN,C,,,
ozone,Swift 2,,paraglider,xc,false,51,,,https://flyozone.com/paragliders/products/gliders/swift-2,,S,24,11.49,5.5,20.8,9.25,4.12,4.3,70,90,,,,,EN,B,,,
ozone,Swift 2,,paraglider,xc,false,51,,,https://flyozone.com/paragliders/products/gliders/swift-2,,M,26,11.96,5.5,22.5,9.63,4.12,4.55,85,105,,,,,EN,B,,,
ozone,Swift 2,,paraglider,xc,false,51,,,https://flyozone.com/paragliders/products/gliders/swift-2,,L,28.3,12.48,5.5,24.5,10.05,4.12,4.85,100,120,,,,,EN,B,,,
ozone,Swift 5,,paraglider,leisure,false,57,,,https://flyozone.com/paragliders/products/gliders/swift-5,,XS,21.41,10.9,5.55,18.04,8.55,4.05,3.3,55,70,,,,,,,,,
ozone,Swift 5,,paraglider,leisure,false,57,,,https://flyozone.com/paragliders/products/gliders/swift-5,,S,23.86,11.51,5.55,20.11,9.02,4.05,3.6,65,85,,,,,,,,,
ozone,Swift 5,,paraglider,leisure,false,57,,,https://flyozone.com/paragliders/products/gliders/swift-5,,MS,25.16,11.81,5.55,21.2,9.27,4.05,3.8,75,95,,,,,,,,,
ozone,Swift 5,,paraglider,leisure,false,57,,,https://flyozone.com/paragliders/products/gliders/swift-5,,ML,26.5,12.13,5.55,22.3,9.51,4.05,3.9,85,105,,,,,,,,,
ozone,Swift 5,,paraglider,leisure,false,57,,,https://flyozone.com/paragliders/products/gliders/swift-5,,L,28.06,12.48,5.55,23.65,9.78,4.05,4.1,95,115,,,,,,,,,
ozone,Swiftmax,,paraglider,xc,false,57,,,https://flyozone.com/paragliders/products/gliders/swiftmax,,38,38,14.52,5.55,32.04,11.39,4.05,6.38,110,185,,,,,EN,C,,,
ozone,Swiftmax,,paraglider,xc,false,57,,,https://flyozone.com/paragliders/products/gliders/swiftmax,,41,41,15.09,5.55,34.6,11.83,4.05,7,150,210,,,,,EN,C,,,
ozone,Trickster,,paraglider,leisure,false,50,,,https://flyozone.com/paragliders/products/gliders/trickster,,SIZE1,17,9.7,5.6,14.5,7.7,4.1,,70,90,,,,,,,,,
ozone,Trickster,,paraglider,leisure,false,50,,,https://flyozone.com/paragliders/products/gliders/trickster,,SIZE2,18.5,10.1,5.6,15.8,8.1,4.1,,80,100,,,,,,,,,
ozone,Trickster,,paraglider,leisure,false,50,,,https://flyozone.com/paragliders/products/gliders/trickster,,SIZE3,20,10.6,5.6,17.1,8.4,4.1,,90,110,,,,,,,,,
ozone,Trickster 2,,paraglider,leisure,false,48,,,https://flyozone.com/paragliders/products/gliders/trickster-2,,SIZE1,17,9.7,5.56,14.5,7.7,4.11,,70,90,,,,,,,,,
ozone,Trickster 2,,paraglider,leisure,false,48,,,https://flyozone.com/paragliders/products/gliders/trickster-2,,SIZE2,18.5,10.1,5.56,15.8,8.1,4.11,,80,100,,,,,,,,,
ozone,Trickster 2,,paraglider,leisure,false,48,,,https://flyozone.com/paragliders/products/gliders/trickster-2,,SIZE3,20,10.6,5.56,17.1,8.4,4.11,,90,110,,,,,,,,,
ozone,Ultralite,,paraglider,leisure,false,,,,https://flyozone.com/paragliders/products/gliders/ultralite,,19,16,8.53,4.54,14.3,7.17,3.59,2.2,,,,,,,EN,N/A,,,
ozone,Ultralite,,paraglider,leisure,false,,,,https://flyozone.com/paragliders/products/gliders/ultralite,,23,19,9.29,4.54,16.74,7.62,3.47,2.5,55,90,,,,,EN,1-2,,,
ozone,Ultralite,,paraglider,leisure,false,,,,https://flyozone.com/paragliders/products/gliders/ultralite,,25,22.89,10.2,4.54,20.16,8.37,3.47,2.85,55,90,,,,,EN,1-2,,,
ozone,Ultralite 3,,paraglider,leisure,false,,,,https://flyozone.com/paragliders/products/gliders/ultralite-3,,21,19,9.3,4.5,17,7.8,3.6,2.145,55,90,,,,,,,,,
ozone,Ultralite 3,,paraglider,leisure,false,,,,https://flyozone.com/paragliders/products/gliders/ultralite-3,,23,21,9.6,4.5,18.7,8.2,3.6,2.33,55,90,,,,,,,,,
ozone,Ultralite 3,,paraglider,leisure,false,,,,https://flyozone.com/paragliders/products/gliders/ultralite-3,,25,22.9,10.2,4.5,20.2,8.4,3.6,2.495,55,90,,,,,,,,,
ozone,Ultralite 4,,paraglider,xc,false,34,,,https://flyozone.com/paragliders/products/gliders/ultralite-4,,17,17,8.8,4.5,14.92,7.2,3.4,1.87,55,90,,,,,EN,C,,,
ozone,Ultralite 4,,paraglider,xc,false,34,,,https://flyozone.com/paragliders/products/gliders/ultralite-4,,19,19,9.3,4.5,16.7,7.6,3.4,2.03,55,90,,,,,EN,B,,,
ozone,Ultralite 4,,paraglider,xc,false,34,,,https://flyozone.com/paragliders/products/gliders/ultralite-4,,21,20.9,9.8,4.5,18.3,7.9,3.4,2.19,55,95,,,,,EN,A,,,
ozone,Ultralite 4,,paraglider,xc,false,34,,,https://flyozone.com/paragliders/products/gliders/ultralite-4,,23,23,10.2,4.5,20.2,8.3,3.4,2.36,65,105,,,,,EN,A,,,
ozone,Ultralite 4,,paraglider,xc,false,34,,,https://flyozone.com/paragliders/products/gliders/ultralite-4,,25,25.2,10.7,4.5,22.1,8.7,3.4,2.56,75,120,,,,,EN,A,,,
ozone,Vibe,,paraglider,leisure,false,44,,,https://flyozone.com/paragliders/products/gliders/vibe,,XS,22.3,10.59,5.03,19.01,8.33,3.65,,55,70,,,,,,,,,
ozone,Vibe,,paraglider,leisure,false,44,,,https://flyozone.com/paragliders/products/gliders/vibe,,S,24.17,11.02,5.03,20.6,8.67,3.65,,65,85,,,,,,,,,
ozone,Vibe,,paraglider,leisure,false,44,,,https://flyozone.com/paragliders/products/gliders/vibe,,MS,25.84,11.4,5.03,22.03,8.97,3.65,,75,95,,,,,,,,,
ozone,Vibe,,paraglider,leisure,false,44,,,https://flyozone.com/paragliders/products/gliders/vibe,,ML,27.7,11.8,5.03,23.61,9.28,3.65,,85,105,,,,,,,,,
ozone,Vibe,,paraglider,leisure,false,44,,,https://flyozone.com/paragliders/products/gliders/vibe,,L,29.56,12.19,5.03,25.2,9.59,3.65,,95,120,,,,,,,,,
ozone,Vibe,,paraglider,leisure,false,44,,,https://flyozone.com/paragliders/products/gliders/vibe,,XL,31.9,12.66,5.03,27.19,9.96,3.65,,115,131,,,,,,,,,
ozone,Vulcan,,paraglider,leisure,false,56,,,https://flyozone.com/paragliders/products/gliders/vulcan,,XS,22.6,11.04,5.4,19.3,,,,55,70,,,,,,,,,
ozone,Vulcan,,paraglider,leisure,false,56,,,https://flyozone.com/paragliders/products/gliders/vulcan,,S,25,11.61,5.4,21.6,,,,65,85,,,,,,,,,
ozone,Vulcan,,paraglider,leisure,false,56,,,https://flyozone.com/paragliders/products/gliders/vulcan,,M,27.1,12.09,5.4,23.5,,,,80,100,,,,,,,,,
ozone,Vulcan,,paraglider,leisure,false,56,,,https://flyozone.com/paragliders/products/gliders/vulcan,,L,29.3,12.57,5.4,25.5,,,,95,115,,,,,,,,,
ozone,Vulcan,,paraglider,leisure,false,56,,,https://flyozone.com/paragliders/products/gliders/vulcan,,XL,32,13.14,5.4,27.9,,,,110,135,,,,,,,,,
ozone,Wisp,,paraglider,xc,false,40,,,https://flyozone.com/paragliders/products/gliders/wisp,,38,37.8,13.6,4.9,32.1,10.6,3.5,,110,180,,,,,EN,B,,,
ozone,Xxlite,,paraglider,leisure,false,,,,https://flyozone.com/paragliders/products/gliders/xxlite,,SIZE1,16,9.3,5.4,13.9,7.4,4,1.2,65,95,,,,,,,,,
ozone,Xxlite,,paraglider,leisure,false,,,,https://flyozone.com/paragliders/products/gliders/xxlite,,SIZE2,18.9,10.1,5.4,16.4,8.1,4,1.37,85,115,,,,,,,,,
ozone,Xxlite 2,,paraglider,competition,false,,,,https://flyozone.com/paragliders/products/gliders/xxlite-2,,16,16,9.5,5.6,13.9,8,4.6,1.3,55,90,,,,,EN,D,,,
ozone,Xxlite 2,,paraglider,competition,false,,,,https://flyozone.com/paragliders/products/gliders/xxlite-2,,18,18,10.1,5.6,15.6,8.5,4.6,1.4,67,105,,,,,EN,D,,,
ozone,Z Alps,,paraglider,competition,false,78,,,https://flyozone.com/paragliders/products/gliders/z-alps,,S,21,12,6.9,17.8,9.6,5.2,4.17,75,90,,,,,EN,D,,,
ozone,Z Alps,,paraglider,competition,false,78,,,https://flyozone.com/paragliders/products/gliders/z-alps,,MS,22.5,12.5,6.9,19,9.9,5.2,4.36,85,100,,,,,EN,D,,,
ozone,Z Alps,,paraglider,competition,false,78,,,https://flyozone.com/paragliders/products/gliders/z-alps,,ML,24.1,12.9,6.9,20.4,10.3,5.2,,95,110,,,,,EN,D,,,
ozone,Zeno,,paraglider,competition,false,78,,,https://flyozone.com/paragliders/products/gliders/zeno,,S,21,12,6.9,17.8,9.6,5.2,4.8,75,90,,,,,EN,D,,,
ozone,Zeno,,paraglider,competition,false,78,,,https://flyozone.com/paragliders/products/gliders/zeno,,MS,22.5,12.5,6.9,19,9.9,5.2,5,85,100,,,,,EN,D,,,
ozone,Zeno,,paraglider,competition,false,78,,,https://flyozone.com/paragliders/products/gliders/zeno,,ML,24.1,12.9,6.9,20.4,10.3,5.2,5.3,95,110,,,,,EN,D,,,
ozone,Zeno,,paraglider,competition,false,78,,,https://flyozone.com/paragliders/products/gliders/zeno,,L,26.5,13.5,6.9,22.4,10.8,5.2,5.8,105,125,,,,,EN,D,,,
ozone,Zeolite,,paraglider,competition,false,64,,,https://flyozone.com/paragliders/products/gliders/zeolite,,S,20.7,11.8,6.7,17.4,9.3,4.9,2.9,65,85,,,,,EN,D,,,
ozone,Zeolite,,paraglider,competition,false,64,,,https://flyozone.com/paragliders/products/gliders/zeolite,,MS,22.1,12.2,6.7,18.6,9.6,4.9,3,80,95,,,,,EN,D,,,
ozone,Zeolite,,paraglider,competition,false,64,,,https://flyozone.com/paragliders/products/gliders/zeolite,,ML,23.6,12.6,6.7,19.8,9.9,4.9,3.2,90,105,,,,,EN,D,,,
ozone,Zeolite Gt,,paraglider,competition,false,64,,,https://flyozone.com/paragliders/products/gliders/zeolite-gt,,S,20.7,11.8,6.7,17.4,9.3,4.9,3.5,65,85,,,,,EN,D,,,
ozone,Zeolite Gt,,paraglider,competition,false,64,,,https://flyozone.com/paragliders/products/gliders/zeolite-gt,,MS,22.1,12.2,6.7,18.6,9.6,4.9,3.7,80,95,,,,,EN,D,,,
ozone,Zeolite Gt,,paraglider,competition,false,64,,,https://flyozone.com/paragliders/products/gliders/zeolite-gt,,ML,23.6,12.6,6.7,19.8,9.9,4.9,3.9,90,105,,,,,EN,D,,,
ozone,Moxie,,paraglider,school,true,38,,,https://flyozone.com/paragliders/products/gliders/moxie,,XXS,20.4,9.9,4.81,17.24,7.62,3.37,4.16,45,65,,,,,EN,A,,,
ozone,Moxie,,paraglider,school,true,38,,,https://flyozone.com/paragliders/products/gliders/moxie,,XS,22.4,10.38,4.81,18.93,7.98,3.37,4.48,55,75,,,,,EN,A,,,
ozone,Moxie,,paraglider,school,true,38,,,https://flyozone.com/paragliders/products/gliders/moxie,,S,24.33,10.81,4.81,20.56,8.32,3.37,4.82,60,90,,,,,EN,A,,,
ozone,Moxie,,paraglider,school,true,38,,,https://flyozone.com/paragliders/products/gliders/moxie,,M,26.47,11.28,4.81,22.37,8.68,3.37,5.05,75,105,,,,,EN,A,,,
ozone,Moxie,,paraglider,school,true,38,,,https://flyozone.com/paragliders/products/gliders/moxie,,L,28.76,11.76,4.81,24.3,9.05,3.37,5.49,90,120,,,,,EN,A,,,
ozone,Moxie,,paraglider,school,true,38,,,https://flyozone.com/paragliders/products/gliders/moxie,,XL,31.3,12.26,4.81,26.4,9.43,3.37,5.9,105,135,,,,,EN,A,,,
ozone,Alta Gt,,paraglider,school,true,40,,,https://flyozone.com/paragliders/products/gliders/alta-gt,,XXS,20.16,10.05,5,16.82,7.56,3.4,3.18,45,65,,,,,EN,A,,,
ozone,Alta Gt,,paraglider,school,true,40,,,https://flyozone.com/paragliders/products/gliders/alta-gt,,XS,22.16,10.53,5,18.49,7.93,3.4,3.54,55,75,,,,,EN,A,,,
ozone,Alta Gt,,paraglider,school,true,40,,,https://flyozone.com/paragliders/products/gliders/alta-gt,,S,24.24,11.02,5,20.23,8.29,3.4,3.74,65,85,,,,,EN,A,,,
ozone,Alta Gt,,paraglider,school,true,40,,,https://flyozone.com/paragliders/products/gliders/alta-gt,,M,26.41,11.5,5,22.04,8.65,3.4,4.02,80,100,,,,,EN,A,,,
ozone,Alta Gt,,paraglider,school,true,40,,,https://flyozone.com/paragliders/products/gliders/alta-gt,,L,28.7,11.99,5,23.94,9.02,3.4,4.29,95,115,,,,,EN,A,,,
ozone,Alta Gt,,paraglider,school,true,40,,,https://flyozone.com/paragliders/products/gliders/alta-gt,,XL,31.2,12.5,5,26,9.4,3.4,4.55,110,130,,,,,EN,A,,,
ozone,Buzz Z7,,paraglider,xc,true,48,,,https://flyozone.com/paragliders/products/gliders/buzz-z7,,XS,22.1,10.67,5.15,18.6,8.21,3.62,4.36,55,70,,,,,EN,B,,,
ozone,Buzz Z7,,paraglider,xc,true,48,,,https://flyozone.com/paragliders/products/gliders/buzz-z7,,S,24.1,11.14,5.15,20.3,8.58,3.62,4.66,65,85,,,,,EN,B,,,
ozone,Buzz Z7,,paraglider,xc,true,48,,,https://flyozone.com/paragliders/products/gliders/buzz-z7,,MS,25.7,11.5,5.15,21.6,8.85,3.62,4.9,75,95,,,,,EN,B,,,
ozone,Buzz Z7,,paraglider,xc,true,48,,,https://flyozone.com/paragliders/products/gliders/buzz-z7,,ML,27.3,11.85,5.15,23,9.12,3.62,5.12,85,105,,,,,EN,B,,,
ozone,Buzz Z7,,paraglider,xc,true,48,,,https://flyozone.com/paragliders/products/gliders/buzz-z7,,L,29,12.21,5.15,24.4,9.4,3.62,5.43,95,115,,,,,EN,B,,,
ozone,Buzz Z7,,paraglider,xc,true,48,,,https://flyozone.com/paragliders/products/gliders/buzz-z7,,XL,31.2,12.68,5.15,26.3,9.76,3.62,5.74,110,130,,,,,EN,B,,,
ozone,Geo 7,,paraglider,xc,true,48,,,https://flyozone.com/paragliders/products/gliders/geo-7,,XS,22.2,10.69,5.16,18.7,8.23,3.62,3.34,55,70,,,,,EN,B,,,
ozone,Geo 7,,paraglider,xc,true,48,,,https://flyozone.com/paragliders/products/gliders/geo-7,,S,24.1,11.14,5.16,20.3,8.57,3.62,3.59,65,85,,,,,EN,B,,,
ozone,Geo 7,,paraglider,xc,true,48,,,https://flyozone.com/paragliders/products/gliders/geo-7,,MS,25.8,11.52,5.16,21.8,8.87,3.62,3.66,75,95,,,,,EN,B,,,
ozone,Geo 7,,paraglider,xc,true,48,,,https://flyozone.com/paragliders/products/gliders/geo-7,,ML,27.3,11.85,5.16,23,9.12,3.62,3.87,85,105,,,,,EN,B,,,
ozone,Geo 7,,paraglider,xc,true,48,,,https://flyozone.com/paragliders/products/gliders/geo-7,,L,29,12.22,5.16,24.5,9.4,3.62,4.11,95,115,,,,,EN,B,,,
ozone,Rush 6,,paraglider,xc,true,62,,,https://flyozone.com/paragliders/products/gliders/rush-6,,XS,20.05,10.69,5.7,17,8.43,4.18,4.32,55,72,,,,,EN,B,,,
ozone,Rush 6,,paraglider,xc,true,62,,,https://flyozone.com/paragliders/products/gliders/rush-6,,S,22.54,11.34,5.7,19.11,8.94,4.18,4.74,65,85,,,,,EN,B,,,
ozone,Rush 6,,paraglider,xc,true,62,,,https://flyozone.com/paragliders/products/gliders/rush-6,,MS,24.04,11.71,5.7,20.38,9.23,4.18,4.96,75,95,,,,,EN,B,,,
ozone,Rush 6,,paraglider,xc,true,62,,,https://flyozone.com/paragliders/products/gliders/rush-6,,ML,25.38,12.03,5.7,21.52,9.49,4.18,5.19,85,105,,,,,EN,B,,,
ozone,Rush 6,,paraglider,xc,true,62,,,https://flyozone.com/paragliders/products/gliders/rush-6,,L,26.7,12.34,5.7,22.64,9.73,4.18,5.39,95,115,,,,,EN,B,,,
ozone,Rush 6,,paraglider,xc,true,62,,,https://flyozone.com/paragliders/products/gliders/rush-6,,XL,28.67,12.79,5.7,24.31,10.09,4.18,5.65,110,130,,,,,EN,B,,,
ozone,Swift 6,,paraglider,xc,true,62,,,https://flyozone.com/paragliders/products/gliders/swift-6,,XS,20.05,10.69,5.7,17,8.43,4.18,3.57,55,72,,,,,EN,B,,,
ozone,Swift 6,,paraglider,xc,true,62,,,https://flyozone.com/paragliders/products/gliders/swift-6,,S,22.54,11.34,5.7,19.11,8.94,4.18,3.88,65,85,,,,,EN,B,,,
ozone,Swift 6,,paraglider,xc,true,62,,,https://flyozone.com/paragliders/products/gliders/swift-6,,MS,24.04,11.71,5.7,20.38,9.23,4.18,4.11,75,95,,,,,EN,B,,,
ozone,Swift 6,,paraglider,xc,true,62,,,https://flyozone.com/paragliders/products/gliders/swift-6,,ML,25.38,12.03,5.7,21.52,9.49,4.18,4.27,85,105,,,,,EN,B,,,
ozone,Swift 6,,paraglider,xc,true,62,,,https://flyozone.com/paragliders/products/gliders/swift-6,,L,26.7,12.34,5.7,22.64,9.73,4.18,4.41,95,115,,,,,EN,B,,,
ozone,Delta 5,,paraglider,leisure,true,65,,,https://flyozone.com/paragliders/products/gliders/delta-5,,XS,19.3,10.82,6.07,16.4,8.66,4.57,4.58,55,75,,,,,EN,EN-C,,,
ozone,Delta 5,,paraglider,leisure,true,65,,,https://flyozone.com/paragliders/products/gliders/delta-5,,S,21.1,11.31,6.07,17.9,9.05,4.57,4.89,65,85,,,,,EN,EN-C,,,
ozone,Delta 5,,paraglider,leisure,true,65,,,https://flyozone.com/paragliders/products/gliders/delta-5,,MS,22.8,11.76,6.07,19.4,9.41,4.57,5.15,75,95,,,,,EN,EN-C,,,
ozone,Delta 5,,paraglider,leisure,true,65,,,https://flyozone.com/paragliders/products/gliders/delta-5,,ML,24.4,12.16,6.07,20.7,9.73,4.57,5.44,85,105,,,,,EN,EN-C,,,
ozone,Delta 5,,paraglider,leisure,true,65,,,https://flyozone.com/paragliders/products/gliders/delta-5,,L,25.9,12.53,6.07,22.04,10.03,4.57,5.71,95,115,,,,,EN,EN-C,,,
ozone,Delta 5,,paraglider,leisure,true,65,,,https://flyozone.com/paragliders/products/gliders/delta-5,,XL,27.8,13,6.07,23.7,10.4,4.57,5.98,110,130,,,,,EN,EN-C,,,
ozone,Alpina 4 Gt,,paraglider,leisure,true,66,,,https://flyozone.com/paragliders/products/gliders/alpina-4-gt,,XS,19.3,10.81,6.05,16.4,8.52,4.4,3.91,55,70,,,,,EN,EN C,,,
ozone,Alpina 4 Gt,,paraglider,leisure,true,66,,,https://flyozone.com/paragliders/products/gliders/alpina-4-gt,,S,21.7,11.46,6.05,18.4,9.04,4.4,4.19,65,85,,,,,EN,EN C,,,
ozone,Alpina 4 Gt,,paraglider,leisure,true,66,,,https://flyozone.com/paragliders/products/gliders/alpina-4-gt,,MS,23.1,11.83,6.05,19.6,9.33,4.4,4.42,75,95,,,,,EN,EN C,,,
ozone,Alpina 4 Gt,,paraglider,leisure,true,66,,,https://flyozone.com/paragliders/products/gliders/alpina-4-gt,,ML,24.4,12.16,6.05,20.7,9.59,4.4,4.56,85,105,,,,,EN,EN C,,,
ozone,Alpina 4 Gt,,paraglider,leisure,true,66,,,https://flyozone.com/paragliders/products/gliders/alpina-4-gt,,L,25.7,12.47,6.05,21.8,9.84,4.4,4.75,95,115,,,,,EN,EN C,,,
ozone,Alpina 4 Gt,,paraglider,leisure,true,66,,,https://flyozone.com/paragliders/products/gliders/alpina-4-gt,,XL,27.6,12.92,6.05,23.4,10.19,4.4,5.02,110,130,,,,,EN,EN C,,,
ozone,Alpina 5,,paraglider,xc,true,65,,,https://flyozone.com/paragliders/products/gliders/alpina-5,,XS,19.3,10.82,6.07,16.4,8.66,4.57,3.53,55,75,,,,,EN,C,,,
ozone,Alpina 5,,paraglider,xc,true,65,,,https://flyozone.com/paragliders/products/gliders/alpina-5,,S,21.1,11.31,6.07,17.9,9.05,4.57,3.75,65,85,,,,,EN,C,,,
ozone,Alpina 5,,paraglider,xc,true,65,,,https://flyozone.com/paragliders/products/gliders/alpina-5,,MS,22.8,11.76,6.07,19.4,9.41,4.57,3.96,75,95,,,,,EN,C,,,
ozone,Alpina 5,,paraglider,xc,true,65,,,https://flyozone.com/paragliders/products/gliders/alpina-5,,ML,24.4,12.16,6.07,20.7,9.73,4.57,4.15,85,105,,,,,EN,C,,,
ozone,Alpina 5,,paraglider,xc,true,65,,,https://flyozone.com/paragliders/products/gliders/alpina-5,,L,25.9,12.53,6.07,22.04,10.03,4.57,4.35,95,115,,,,,EN,C,,,
ozone,Alpina 5,,paraglider,xc,true,65,,,https://flyozone.com/paragliders/products/gliders/alpina-5,,XL,27.8,13,6.07,23.7,10.4,4.57,4.62,110,130,,,,,EN,C,,,
ozone,Photon,,paraglider,xc,true,71,,,https://flyozone.com/paragliders/products/gliders/photon,,XS,19.1,11.1,6.5,16.1,8.7,4.7,4.28,60,75,,,,,EN,C,,,
ozone,Photon,,paraglider,xc,true,71,,,https://flyozone.com/paragliders/products/gliders/photon,,S,20.7,11.6,6.5,17.4,9,4.7,4.47,70,85,,,,,EN,C,,,
ozone,Photon,,paraglider,xc,true,71,,,https://flyozone.com/paragliders/products/gliders/photon,,MS,22.3,12,6.5,18.9,9.4,4.7,4.75,80,95,,,,,EN,C,,,
ozone,Photon,,paraglider,xc,true,71,,,https://flyozone.com/paragliders/products/gliders/photon,,ML,23.9,12.5,6.5,20.2,9.7,4.7,5,90,105,,,,,EN,C,,,
ozone,Photon,,paraglider,xc,true,71,,,https://flyozone.com/paragliders/products/gliders/photon,,L,25.5,12.9,6.5,21.5,10.1,4.7,5.27,100,115,,,,,EN,C,,,
ozone,Photon,,paraglider,xc,true,71,,,https://flyozone.com/paragliders/products/gliders/photon,,XL,27.3,13.3,6.5,23.1,10.4,4.7,5.55,110,130,,,,,EN,C,,,
ozone,Lyght,,paraglider,xc,true,71,,,https://flyozone.com/paragliders/products/gliders/lyght,,XS,19.1,11.1,6.5,16.1,8.7,4.7,3.55,60,75,,,,,EN,C,,,
ozone,Lyght,,paraglider,xc,true,71,,,https://flyozone.com/paragliders/products/gliders/lyght,,S,20.7,11.6,6.5,17.4,9,4.7,3.72,70,85,,,,,EN,C,,,
ozone,Lyght,,paraglider,xc,true,71,,,https://flyozone.com/paragliders/products/gliders/lyght,,MS,22.3,12,6.5,18.9,9.4,4.7,3.95,80,95,,,,,EN,C,,,
ozone,Lyght,,paraglider,xc,true,71,,,https://flyozone.com/paragliders/products/gliders/lyght,,ML,23.9,12.5,6.5,20.2,9.7,4.7,4.16,90,105,,,,,EN,C,,,
ozone,Lyght,,paraglider,xc,true,71,,,https://flyozone.com/paragliders/products/gliders/lyght,,L,25.5,12.9,6.5,21.5,10.1,4.7,4.4,100,115,,,,,EN,C,,,
ozone,Zeolite 2 Gt,,paraglider,competition,true,71,,,https://flyozone.com/paragliders/products/gliders/zeolite-2-gt,,XS,18.9,11.3,6.8,15.9,8.9,5,3.38,60,75,,,,,EN,D,,,
ozone,Zeolite 2 Gt,,paraglider,competition,true,71,,,https://flyozone.com/paragliders/products/gliders/zeolite-2-gt,,S,20.4,11.8,6.8,17.2,9.3,5,3.56,65,85,,,,,EN,D,,,
ozone,Zeolite 2 Gt,,paraglider,competition,true,71,,,https://flyozone.com/paragliders/products/gliders/zeolite-2-gt,,MS,22,12.2,6.8,18.5,9.6,5,3.75,80,95,,,,,EN,D,,,
ozone,Zeolite 2 Gt,,paraglider,competition,true,71,,,https://flyozone.com/paragliders/products/gliders/zeolite-2-gt,,ML,23.5,12.6,6.8,19.8,9.9,5,3.91,90,105,,,,,EN,D,,,
ozone,Zeolite 2 Gt,,paraglider,competition,true,71,,,https://flyozone.com/paragliders/products/gliders/zeolite-2-gt,,L,25.1,13.1,6.8,21.1,10.3,5,4.19,100,115,,,,,EN,D,,,
ozone,Zeolite 2,,paraglider,competition,true,71,,,https://flyozone.com/paragliders/products/gliders/zeolite-2,,XS,18.9,11.3,6.8,15.9,8.9,5,2.72,60,75,,,,,EN,D,,,
ozone,Zeolite 2,,paraglider,competition,true,71,,,https://flyozone.com/paragliders/products/gliders/zeolite-2,,S,20.4,11.8,6.8,17.2,9.3,5,2.88,65,85,,,,,EN,D,,,
ozone,Zeolite 2,,paraglider,competition,true,71,,,https://flyozone.com/paragliders/products/gliders/zeolite-2,,MS,22,12.2,6.8,18.5,9.6,5,3.03,80,95,,,,,EN,D,,,
ozone,Zeolite 2,,paraglider,competition,true,71,,,https://flyozone.com/paragliders/products/gliders/zeolite-2,,ML,23.5,12.6,6.8,19.8,9.9,5,3.16,90,105,,,,,EN,D,,,
ozone,Zeno 2,,paraglider,competition,true,78,,,https://flyozone.com/paragliders/products/gliders/zeno-2,,XS,19.4,11.6,6.9,16.3,9.1,5.1,4.5,65,80,,,,,EN,D,,,
ozone,Zeno 2,,paraglider,competition,true,78,,,https://flyozone.com/paragliders/products/gliders/zeno-2,,S,21,12,6.9,17.7,9.5,5.1,4.7,75,90,,,,,EN,D,,,
ozone,Zeno 2,,paraglider,competition,true,78,,,https://flyozone.com/paragliders/products/gliders/zeno-2,,MS,22.5,12.5,6.9,18.9,9.8,5.1,4.92,85,100,,,,,EN,D,,,
ozone,Zeno 2,,paraglider,competition,true,78,,,https://flyozone.com/paragliders/products/gliders/zeno-2,,ML,24.1,12.9,6.9,20.3,10.2,5.1,5.22,95,110,,,,,EN,D,,,
ozone,Zeno 2,,paraglider,competition,true,78,,,https://flyozone.com/paragliders/products/gliders/zeno-2,,L,26.5,13.5,6.9,22.2,10.7,5.1,5.62,105,125,,,,,EN,D,,,
ozone,Enzo 3,,paraglider,competition,true,101,,,https://flyozone.com/paragliders/products/gliders/enzo-3,,XXS,19.1,12,7.55,16.2,9.4,5.5,5.3,80,90,,,,,CCC,CCC,,,
ozone,Enzo 3,,paraglider,competition,true,101,,,https://flyozone.com/paragliders/products/gliders/enzo-3,,XS,20.3,12.4,7.55,17.2,9.7,5.5,5.5,85,95,,,,,CCC,CCC,,,
ozone,Enzo 3,,paraglider,competition,true,101,,,https://flyozone.com/paragliders/products/gliders/enzo-3,,S,22,12.9,7.55,18.6,10.1,5.5,5.6,90,105,,,,,CCC,CCC,,,
ozone,Enzo 3,,paraglider,competition,true,101,,,https://flyozone.com/paragliders/products/gliders/enzo-3,,M,23.7,13.4,7.55,20.1,10.5,5.5,5.9,95,115,,,,,CCC,CCC,,,
ozone,Enzo 3,,paraglider,competition,true,101,,,https://flyozone.com/paragliders/products/gliders/enzo-3,,L,25.7,13.9,7.55,21.7,10.9,5.5,6.2,105,125,,,,,CCC,CCC,,,
ozone,Enzo 3,,paraglider,competition,true,101,,,https://flyozone.com/paragliders/products/gliders/enzo-3,,XL,26.7,14.2,7.55,22.6,11.1,5.5,6.4,115,130,,,,,CCC,CCC,,,
ozone,Ultralite 5,,paraglider,leisure,true,34,,,https://flyozone.com/paragliders/products/gliders/ultralite-5,,13,12.9,7.7,4.56,11.4,6.3,3.4,1.44,55,90,,,,,EN,-,,,
ozone,Ultralite 5,,paraglider,leisure,true,34,,,https://flyozone.com/paragliders/products/gliders/ultralite-5,,15,14.9,8.2,4.56,13.1,6.7,3.4,1.59,55,90,,,,,EN,-,,,
ozone,Ultralite 5,,paraglider,leisure,true,34,,,https://flyozone.com/paragliders/products/gliders/ultralite-5,,17,16.9,8.8,4.56,14.7,7.1,3.4,1.76,55,90,,,,,EN,C,,,
ozone,Ultralite 5,,paraglider,leisure,true,34,,,https://flyozone.com/paragliders/products/gliders/ultralite-5,,19,18.9,9.3,4.56,16.5,7.5,3.4,1.93,55,95,,,,,EN,B,,,
ozone,Ultralite 5,,paraglider,leisure,true,34,,,https://flyozone.com/paragliders/products/gliders/ultralite-5,,21,20.8,9.7,4.56,18.1,7.9,3.4,2.07,55,100,,,,,EN,A,,,
ozone,Ultralite 5,,paraglider,leisure,true,34,,,https://flyozone.com/paragliders/products/gliders/ultralite-5,,23,22.8,10.2,4.56,19.9,8.3,3.4,2.23,65,110,,,,,EN,A,,,
ozone,Ultralite 5,,paraglider,leisure,true,34,,,https://flyozone.com/paragliders/products/gliders/ultralite-5,,25,25.1,10.7,4.56,21.9,8.7,3.4,2.41,75,120,,,,,EN,A,,,
ozone,Session,,paraglider,leisure,true,48,,,https://flyozone.com/paragliders/products/gliders/session,,15,15.3,9.1,5.46,13,7.3,4.06,4.22,,,,,,,EN,Load test,,,
ozone,Session,,paraglider,leisure,true,48,,,https://flyozone.com/paragliders/products/gliders/session,,16,16.3,9.4,5.46,13.9,7.5,4.06,4.41,,,,,,,EN,Load test,,,
ozone,Session,,paraglider,leisure,true,48,,,https://flyozone.com/paragliders/products/gliders/session,,17,17.3,9.7,5.46,14.7,7.7,4.06,4.6,,,,,,,EN,Load test,,,
ozone,Magnum 4,,paraglider,xc,true,54,,,https://flyozone.com/paragliders/products/gliders/magnum-4,,38,38.1,14.41,5.45,31.9,11.16,3.9,7.44,110,190,,,,,EN,B,,,
ozone,Magnum 4,,paraglider,xc,true,54,,,https://flyozone.com/paragliders/products/gliders/magnum-4,,41,41.1,14.96,5.45,34.4,11.59,3.9,7.85,130,220,,,,,EN,B,,,
ozone,Magnum 4,,paraglider,xc,true,54,,,https://flyozone.com/paragliders/products/gliders/magnum-4,,44,44.1,15.51,5.45,37,12.01,3.9,8.34,140,239,,,,,EN,B,,,
ozone,Swiftmax 2,,paraglider,leisure,true,57,,,https://flyozone.com/paragliders/products/gliders/swiftmax-2,,41,41,15.09,5.55,34.6,11.83,4.05,7.12,120,230,,,,,EN,EN B,,,
ozone,Wisp 2,,paraglider,xc,true,44,,,https://flyozone.com/paragliders/products/gliders/wisp-2,,37,37.1,14.01,5.3,31.3,10.77,3.71,4.15,90,180,,,,,EN,B,,,
